sequence_id,sample_id,t0,gt_x,gt_y,gt_z,pred_x,pred_y,pred_z,top1_error,empty_input,empty_output,top1_success_0p5m,top1_success_1m,top1_success_2m,raw_top10_has_gt_0p5m,raw_top10_has_gt_1m,nms_top10_has_gt_0p5m,nms_top10_has_gt_1m,best_raw_candidate_error,best_nms_candidate_error,top1_score,best_gt_near_candidate_score,best_gt_near_candidate_rank,event_count,total_point_count,avia_point_count,mid360_point_count,history_span_sec,oldest_event_age_sec,newest_event_age_sec,num_support_events_0p5m,num_support_events_1m,num_support_events_2m,num_support_points_0p5m,num_support_points_1m,num_support_points_2m,last_support_timestamp_1m,last_support_age_sec_1m,last_support_event_index,last_support_sensor,num_support_events_in_last4,num_support_points_in_last4,history_has_any_support,current_support,exported_support_flag,flag_empty_input,flag_no_history_support,flag_stale_history_support,flag_candidate_exists_ranking_fail,flag_nms_removed_good_candidate,flag_current_support_generation_fail,primary_failure_type
seq0001,seq0001_valref_000001,1706255621.6135716,-0.7519720196723938,-1.2679959535598755,2.1726019382476807,-51.6171875,-17.69140625,30.154296875,60.33219528198242,False,False,False,False,False,True,True,True,True,0.16681072115898132,0.16681072115898132,0.0966796875,0.0849609375,4,1,4111,0,4111,0.0,0.013344526290893555,0.013344526290893555,1,1,1,2,31,31,1706255621.600227,0.013344526290893555,0,Mid360,1,31,True,True,CURRENT_SUPPORT,False,False,False,True,False,False,CANDIDATE_EXISTS_RANKING_FAIL
seq0001,seq0001_valref_000097,1706255626.612978,-1.4116530418395996,1.5384470224380493,2.1526360511779785,-8.474609375,6.2706298828125,1.828125,8.507891654968262,False,False,False,False,False,True,True,True,True,0.13951654732227325,0.13951654732227325,0.90625,0.71484375,7,20,42774,16,42758,0.9139420986175537,1.0127110481262207,0.09876894950866699,0,10,10,0,177,177,1706255626.500272,0.11270594596862793,18,Mid360,2,32,True,True,CURRENT_SUPPORT,False,False,False,True,False,False,CANDIDATE_EXISTS_RANKING_FAIL
seq0001,seq0001_valref_000098,1706255626.812695,-1.3387149572372437,1.6025669574737549,2.1504249572753906,-8.490234375,6.318359375,1.89453125,8.570204734802246,False,False,False,False,False,True,True,True,True,0.0634952113032341,0.0634952113032341,0.875,0.1259765625,9,20,42774,16,42758,0.9139420986175537,1.212428092956543,0.29848599433898926,0,10,10,0,176,177,1706255626.500272,0.3124229907989502,18,Mid360,2,32,True,True,CURRENT_SUPPORT,False,False,False,True,False,False,CANDIDATE_EXISTS_RANKING_FAIL
seq0001,seq0001_valref_000099,1706255626.858342,-1.3250360488891602,1.613036036491394,2.1509780883789062,-8.501953125,6.3291015625,1.9140625,8.591014862060547,False,False,False,False,False,True,True,True,True,0.06711515039205551,0.06711515039205551,0.84765625,0.058349609375,10,20,42774,16,42758,0.9139420986175537,1.2580749988555908,0.3441329002380371,0,10,10,0,176,177,1706255626.500272,0.35806989669799805,18,Mid360,2,32,True,True,CURRENT_SUPPORT,False,False,False,True,False,False,CANDIDATE_EXISTS_RANKING_FAIL
seq0002,seq0002_valref_000101,1706255054.4340742,13.420022010803223,-15.942671775817871,39.374942779541016,-7.958984375,-0.6943359375,-0.375,47.64065170288086,False,False,False,False,False,False,False,False,False,45.763587951660156,41.681983947753906,0.1337890625,nan,,2,4413,0,4413,0.017401933670043945,0.0339961051940918,0.01659417152404785,0,0,0,0,0,0,nan,nan,,,0,0,False,False,NO_CURRENT_SUPPORT,False,True,False,False,False,False,NO_HISTORY_SUPPORT
seq0002,seq0002_valref_000102,1706255054.4867957,13.509367942810059,-15.97374153137207,39.37639236450195,-7.9521484375,-0.70068359375,-0.32421875,47.644535064697266,False,False,False,False,False,False,False,False,False,41.676753997802734,41.676753997802734,0.09521484375,nan,,2,4413,0,4413,0.017401933670043945,0.08671760559082031,0.06931567192077637,0,0,0,0,0,0,nan,nan,,,0,0,False,False,NO_CURRENT_SUPPORT,False,True,False,False,False,False,NO_HISTORY_SUPPORT
seq0004,seq0004_valref_000302,1706257436.9499311,-4.7490692138671875,7.808938026428223,4.853124141693115,-23.9423828125,-3.9208984375,19.658203125,26.92884635925293,False,False,False,False,False,False,False,False,False,13.800317764282227,13.800317764282227,0.04736328125,nan,,2,4267,0,4267,0.0030879974365234375,0.05016922950744629,0.04708123207092285,0,0,0,0,0,0,nan,nan,,,0,0,False,False,NO_CURRENT_SUPPORT,False,True,False,False,False,False,NO_HISTORY_SUPPORT
seq0004,seq0004_valref_000303,1706257436.99808,-4.788221836090088,7.861423969268799,4.8288068771362305,-11.26385498046875,19.7381591796875,7.21875,13.736903190612793,False,False,False,False,False,False,False,False,False,13.736903190612793,13.736903190612793,0.0272216796875,nan,,2,4267,0,4267,0.0030879974365234375,0.09831809997558594,0.0952301025390625,0,0,0,0,0,0,nan,nan,,,0,0,False,False,NO_CURRENT_SUPPORT,False,True,False,False,False,False,NO_HISTORY_SUPPORT
seq0004,seq0004_valref_000304,1706257437.0507002,-4.8283491134643555,7.916347980499268,4.803595066070557,-6.53515625,-54.529296875,2.56640625,62.50901412963867,False,False,False,False,False,False,False,False,False,12.848857879638672,12.848857879638672,0.1083984375,nan,,4,8858,0,8858,0.1020660400390625,0.1509382724761963,0.04887223243713379,0,0,0,0,0,0,nan,nan,,,0,0,False,False,NO_CURRENT_SUPPORT,False,True,False,False,False,False,NO_HISTORY_SUPPORT
seq0004,seq0004_valref_000305,1706257437.1009853,-4.867366790771484,7.970365047454834,4.776495933532715,11.873046875,4.93359375,2.984375,17.107749938964844,False,False,False,False,False,False,False,False,False,17.107749938964844,17.107749938964844,0.126953125,nan,,5,13277,0,13277,0.2001171112060547,0.20122337341308594,0.00110626220703125,0,0,0,0,0,0,nan,nan,,,0,0,False,False,NO_CURRENT_SUPPORT,False,True,False,False,False,False,NO_HISTORY_SUPPORT
seq0004,seq0004_valref_000306,1706257437.1492271,-4.909698963165283,8.025955200195312,4.7486572265625,11.876953125,4.92578125,3.00390625,17.159456253051758,False,False,False,False,False,False,False,False,False,17.159456253051758,17.159456253051758,0.142578125,nan,,6,13277,0,13277,0.20200204849243164,0.2494652271270752,0.047463178634643555,0,0,0,0,0,0,nan,nan,,,0,0,False,False,NO_CURRENT_SUPPORT,False,True,False,False,False,False,NO_HISTORY_SUPPORT
seq0004,seq0004_valref_000307,1706257437.198312,-4.991878032684326,8.137405395507812,4.691857814788818,11.8828125,4.921875,3.0234375,17.2591552734375,False,False,False,False,False,False,False,False,False,17.2591552734375,17.2591552734375,0.138671875,nan,,6,13277,0,13277,0.20200204849243164,0.2985501289367676,0.09654808044433594,0,0,0,0,0,0,nan,nan,,,0,0,False,False,NO_CURRENT_SUPPORT,False,True,False,False,False,False,NO_HISTORY_SUPPORT
seq0004,seq0004_valref_000308,1706257437.2549512,-5.0324249267578125,8.193309783935547,4.663710117340088,16.67724609375,-6.833984375,2.47265625,26.49396324157715,False,False,False,False,False,False,False,False,False,17.314844131469727,17.37511444091797,0.21484375,nan,,8,17605,0,17605,0.3020761013031006,0.35518932342529297,0.05311322212219238,0,0,0,0,0,0,nan,nan,,,0,0,False,False,NO_CURRENT_SUPPORT,False,True,False,False,False,False,NO_HISTORY_SUPPORT
seq0004,seq0004_valref_000309,1706257437.2978358,-5.075973987579346,8.248577117919922,4.634311199188232,16.681640625,-6.83447265625,2.49609375,26.56057357788086,False,False,False,False,False,False,False,False,False,17.36605453491211,17.425519943237305,0.2236328125,nan,,8,17605,0,17605,0.3020761013031006,0.3980739116668701,0.09599781036376953,0,0,0,0,0,0,nan,nan,,,0,0,False,False,NO_CURRENT_SUPPORT,False,True,False,False,False,False,NO_HISTORY_SUPPORT
seq0004,seq0004_valref_000310,1706257437.367017,-5.116026878356934,8.302172660827637,4.605517864227295,16.67822265625,-6.8876953125,2.52734375,26.646581649780273,False,False,False,False,False,False,False,False,False,17.437999725341797,11.657167434692383,0.138671875,nan,,10,22201,0,22201,0.40203404426574707,0.4672551155090332,0.06522107124328613,0,0,0,0,0,0,nan,nan,,,0,0,False,False,NO_CURRENT_SUPPORT,False,True,False,False,False,False,NO_HISTORY_SUPPORT
seq0004,seq0004_valref_000311,1706257437.4511292,-5.200797080993652,8.413192749023438,4.545355796813965,16.6826171875,-6.98828125,2.45703125,26.841205596923828,False,False,False,False,False,False,False,False,False,17.498502731323242,17.498502731323242,0.1474609375,nan,,12,26741,0,26741,0.5020041465759277,0.5513672828674316,0.049363136291503906,0,0,0,0,0,0,nan,nan,,,0,0,False,False,NO_CURRENT_SUPPORT,False,True,False,False,False,False,NO_HISTORY_SUPPORT
seq0004,seq0004_valref_000312,1706257437.498653,-5.24613094329834,8.471918106079102,4.512146949768066,16.68994140625,-6.9912109375,2.48046875,26.91518783569336,False,False,False,False,False,False,False,False,False,17.5557804107666,17.5557804107666,0.16015625,nan,,12,26741,0,26741,0.5020041465759277,0.598891019821167,0.09688687324523926,0,0,0,0,0,0,nan,nan,,,0,0,False,False,NO_CURRENT_SUPPORT,False,True,False,False,False,False,NO_HISTORY_SUPPORT
seq0004,seq0004_valref_000313,1706257437.5514631,-5.330546855926514,8.585139274597168,4.445251941680908,11.86328125,-11.0390625,1.30859375,26.278806686401367,False,False,False,False,False,False,False,False,False,17.636150360107422,17.636150360107422,0.283203125,nan,,14,31167,0,31167,0.6020700931549072,0.6517012119293213,0.04963111877441406,0,0,0,0,0,0,nan,nan,,,0,0,False,False,NO_CURRENT_SUPPORT,False,True,False,False,False,False,NO_HISTORY_SUPPORT
seq0004,seq0004_valref_000314,1706257437.5992842,-5.371490955352783,8.636900901794434,4.413296222686768,11.87109375,-11.03125,1.32421875,26.337905883789062,False,False,False,False,False,False,False,False,False,17.685808181762695,17.685808181762695,0.333984375,nan,,14,31167,0,31167,0.6020700931549072,0.6995222568511963,0.09745216369628906,0,0,0,0,0,0,nan,nan,,,0,0,False,False,NO_CURRENT_SUPPORT,False,True,False,False,False,False,NO_HISTORY_SUPPORT
seq0004,seq0004_valref_000315,1706257437.6537817,-5.41384220123291,8.692716598510742,4.378195762634277,-6.6171875,-54.4921875,2.78515625,63.21643829345703,False,False,False,False,False,False,False,False,False,17.85483741760254,17.85483741760254,0.2109375,nan,,16,35807,0,35807,0.7030870914459229,0.7540197372436523,0.05093264579772949,0,0,0,0,0,0,nan,nan,,,0,0,False,False,NO_CURRENT_SUPPORT,False,True,False,False,False,False,NO_HISTORY_SUPPORT
seq0004,seq0004_valref_000316,1706257437.700026,-5.453362941741943,8.74374008178711,4.3456010818481445,12.10546875,-10.9765625,3.314453125,26.424726486206055,False,False,False,False,False,False,False,False,False,19.761863708496094,19.761863708496094,0.171875,nan,,17,40337,0,40337,0.8001871109008789,0.8002641201019287,7.700920104980469e-05,0,0,0,0,0,0,nan,nan,,,0,0,False,False,NO_CURRENT_SUPPORT,False,True,False,False,False,False,NO_HISTORY_SUPPORT
seq0004,seq0004_valref_000317,1706257437.7521422,-5.5382161140441895,8.852364540100098,4.27549409866333,12.1171875,-10.982421875,3.32080078125,26.57147789001465,False,False,False,False,False,False,False,False,False,10.968661308288574,10.968661308288574,0.2060546875,nan,,18,40337,0,40337,0.8020820617675781,0.8523802757263184,0.050298213958740234,0,0,0,0,0,0,nan,nan,,,0,0,False,False,NO_CURRENT_SUPPORT,False,True,False,False,False,False,NO_HISTORY_SUPPORT
seq0004,seq0004_valref_000357,1706257439.8001459,-7.4867777824401855,10.876727104187012,3.3168210983276367,-4.61328125,-67.3046875,7.692138671875,78.35645294189453,False,False,False,False,False,True,True,True,True,0.19271689653396606,0.19271689653396606,0.2294921875,0.2255859375,2,20,46176,0,46176,0.9980819225311279,0.9983417987823486,0.0002598762512207031,0,2,4,0,2,7,1706257439.699952,0.10019397735595703,17,Mid360,1,1,True,True,CURRENT_SUPPORT,False,False,False,True,False,False,CANDIDATE_EXISTS_RANKING_FAIL
seq0004,seq0004_valref_000359,1706257439.9004955,-7.583588123321533,10.90408992767334,3.2995240688323975,-4.572265625,-67.30078125,7.68798828125,78.3857650756836,False,False,False,False,False,True,True,True,True,0.2858138978481293,0.2858138978481293,0.103515625,0.07373046875,3,20,46274,0,46274,0.9970049858093262,0.997673511505127,0.0006685256958007812,0,2,3,0,2,3,1706257439.699952,0.20054364204406738,15,Mid360,0,0,True,False,NO_CURRENT_SUPPORT,False,False,True,True,False,False,CANDIDATE_EXISTS_RANKING_FAIL
seq0004,seq0004_valref_000360,1706257439.9507608,-7.614418983459473,10.908907890319824,3.292742967605591,16.619140625,-6.98828125,2.4375,30.138120651245117,False,False,False,False,False,True,True,True,True,0.32804909348487854,0.32804909348487854,0.09423828125,0.059326171875,3,20,46274,0,46274,0.901818037033081,0.9508779048919678,0.04905986785888672,0,2,3,0,2,3,1706257439.699952,0.2508089542388916,14,Mid360,0,0,True,False,NO_CURRENT_SUPPORT,False,False,True,True,False,False,CANDIDATE_EXISTS_RANKING_FAIL
seq0004,seq0004_valref_000361,1706257440.0005896,-7.645394802093506,10.912224769592285,3.286674976348877,16.68798828125,-6.958984375,2.3515625,30.20543098449707,False,False,False,False,False,True,True,True,True,0.43421420454978943,0.43421420454978943,0.0888671875,0.054931640625,5,20,46034,0,46034,0.9981639385223389,0.9987475872039795,0.000583648681640625,0,2,3,0,2,3,1706257439.699952,0.30063772201538086,13,Mid360,0,0,True,False,NO_CURRENT_SUPPORT,False,False,True,True,False,False,CANDIDATE_EXISTS_RANKING_FAIL
seq0004,seq0004_valref_000362,1706257440.0498276,-7.674377918243408,10.91418743133545,3.2810959815979004,16.6875,-6.96484375,2.37109375,30.23225212097168,False,False,False,False,False,True,True,True,True,0.46908697485923767,0.46908697485923767,0.0888671875,0.044677734375,5,20,46034,0,46034,0.901792049407959,0.9498226642608643,0.04803061485290527,0,2,3,0,2,3,1706257439.699952,0.34987568855285645,12,Mid360,0,0,True,False,NO_CURRENT_SUPPORT,False,False,True,True,False,False,CANDIDATE_EXISTS_RANKING_FAIL
seq0004,seq0004_valref_000390,1706257441.5613952,-8.152767181396484,10.543562889099121,3.1700599193573,27.8125,13.784912109375,7.84375,36.412227630615234,False,False,False,False,False,True,True,True,True,0.2235264629125595,0.2235264629125595,0.171875,0.032470703125,3,20,46113,0,46113,0.9018890857696533,0.9614791870117188,0.05959010124206543,0,7,7,0,12,12,1706257441.499949,0.061446189880371094,18,Mid360,1,1,True,True,CURRENT_SUPPORT,False,False,False,True,False,False,CANDIDATE_EXISTS_RANKING_FAIL
seq0004,seq0004_valref_000391,1706257441.6000767,-8.148019790649414,10.53757095336914,3.1715869903564453,27.793212890625,13.76287841796875,7.828125,36.38486099243164,False,False,False,False,False,True,True,True,True,0.17953208088874817,0.17953208088874817,0.11767578125,0.052734375,3,20,46037,0,46037,0.9970030784606934,0.9972617626190186,0.0002586841583251953,0,7,7,0,12,12,1706257441.499949,0.1001276969909668,17,Mid360,1,1,True,True,CURRENT_SUPPORT,False,False,False,True,False,False,CANDIDATE_EXISTS_RANKING_FAIL
seq0004,seq0004_valref_000392,1706257441.6693366,-8.144474983215332,10.535908699035645,3.171376943588257,27.80029296875,13.76348876953125,7.8515625,36.39158630371094,False,False,False,False,False,True,True,True,True,0.18570026755332947,0.18570026755332947,0.08740234375,0.052734375,3,20,46037,0,46037,0.9029600620269775,0.9695005416870117,0.06654047966003418,0,7,7,0,12,12,1706257441.499949,0.1693875789642334,16,Mid360,1,1,True,True,CURRENT_SUPPORT,False,False,False,True,False,False,CANDIDATE_EXISTS_RANKING_FAIL
seq0004,seq0004_valref_000393,1706257441.747851,-8.134990692138672,10.532469749450684,3.162583112716675,12.0205078125,-11.009765625,3.309326171875,29.50141716003418,False,False,False,False,False,True,True,True,True,0.27105027437210083,0.27105027437210083,0.134765625,0.1142578125,4,20,45963,0,45963,0.9019639492034912,0.9480209350585938,0.04605698585510254,0,6,6,0,6,6,1706257441.499949,0.24790191650390625,14,Mid360,0,0,True,False,NO_CURRENT_SUPPORT,False,False,True,True,False,False,CANDIDATE_EXISTS_RANKING_FAIL
seq0004,seq0004_valref_000394,1706257441.798404,-8.12878131866455,10.530735969543457,3.153599977493286,11.9765625,-10.95703125,3.34765625,29.427650451660156,False,False,False,False,False,True,True,True,True,0.2914353013038635,0.2914353013038635,0.1875,0.0966796875,5,20,45963,0,45963,0.9019639492034912,0.9985740184783936,0.09661006927490234,0,6,6,0,6,6,1706257441.499949,0.29845499992370605,14,Mid360,0,0,True,False,NO_CURRENT_SUPPORT,False,False,True,True,False,False,CANDIDATE_EXISTS_RANKING_FAIL
seq0005,seq0005_valref_000414,1706257442.7999372,-8.037957191467285,10.4644136428833,2.8748629093170166,11.94140625,4.583984375,3.04296875,20.82744789123535,False,False,False,False,False,True,True,True,True,0.21282580494880676,0.2731519043445587,0.1767578125,0.08740234375,3,15,35993,0,35993,0.6999421119689941,0.7000503540039062,0.00010824203491210938,0,7,7,0,18,18,1706257442.799829,0.00010824203491210938,14,Mid360,2,5,True,True,CURRENT_SUPPORT,False,False,False,True,False,False,CANDIDATE_EXISTS_RANKING_FAIL
seq0005,seq0005_valref_000415,1706257442.8475027,-8.037687301635742,10.461329460144043,2.863394021987915,11.94140625,4.5751953125,3.05859375,20.829038619995117,False,False,False,False,False,True,True,True,True,0.19591352343559265,0.28409305214881897,0.2001953125,0.0849609375,4,16,35993,0,35993,0.7018210887908936,0.7476158142089844,0.04579472541809082,0,7,7,0,18,18,1706257442.799829,0.047673702239990234,14,Mid360,2,5,True,True,CURRENT_SUPPORT,False,False,False,True,False,False,CANDIDATE_EXISTS_RANKING_FAIL
seq0005,seq0005_valref_000421,1706257443.1487205,-8.034337043762207,10.448748588562012,2.7995901107788086,12.099609375,-11.1484375,3.240234375,29.529788970947266,False,False,False,False,False,False,False,False,False,19.162633895874023,19.162633895874023,0.2216796875,nan,,20,44903,0,44903,0.9029660224914551,0.9489045143127441,0.04593849182128906,0,8,8,0,14,14,1706257443.099884,0.048836469650268555,18,Mid360,1,1,True,True,CURRENT_SUPPORT,False,False,False,False,False,True,CURRENT_SUPPORT_BUT_GENERATION_FAIL
seq0005,seq0005_valref_000422,1706257443.2022266,-8.034208297729492,10.447538375854492,2.7903668880462646,11.923828125,-10.94921875,3.232421875,29.26328468322754,False,False,False,False,False,False,False,True,True,21.100942611694336,0.25736525654792786,0.291015625,nan,,20,44944,0,44944,0.9019699096679688,0.9024035930633545,0.0004336833953857422,0,9,9,0,15,15,1706257443.199939,0.002287626266479492,18,Mid360,2,2,True,True,CURRENT_SUPPORT,False,False,False,False,False,True,CURRENT_SUPPORT_BUT_GENERATION_FAIL
seq0005,seq0005_valref_000423,1706257443.2518077,-8.034356117248535,10.446348190307617,2.7728090286254883,11.93359375,-10.9462890625,3.25,29.267587661743164,False,False,False,False,False,True,True,True,True,0.29242151975631714,0.29242151975631714,0.359375,0.0225830078125,10,20,44944,0,44944,0.9019699096679688,0.9519846439361572,0.05001473426818848,1,9,9,1,15,15,1706257443.199939,0.05186867713928223,18,Mid360,2,2,True,True,CURRENT_SUPPORT,False,False,False,True,False,False,CANDIDATE_EXISTS_RANKING_FAIL
seq0005,seq0005_valref_000424,1706257443.3011198,-8.03502368927002,10.445696830749512,2.7627758979797363,-50.212890625,-11.875,29.51171875,54.70550537109375,False,False,False,False,False,False,False,False,False,10.179171562194824,10.179171562194824,0.08056640625,nan,,20,44759,0,44759,0.9982340335845947,0.9993977546691895,0.0011637210845947266,1,8,8,1,14,14,1706257443.199939,0.1011807918548584,17,Mid360,1,1,True,True,CURRENT_SUPPORT,False,False,False,False,False,True,CURRENT_SUPPORT_BUT_GENERATION_FAIL
seq0005,seq0005_valref_000425,1706257443.3559952,-8.035914421081543,10.445186614990234,2.753451108932495,12.064453125,-11.15478515625,3.25390625,29.509897232055664,False,False,False,False,False,False,False,False,False,10.187093734741211,10.187093734741211,0.08642578125,nan,,20,44759,0,44759,0.9017510414123535,0.9560432434082031,0.05429220199584961,1,8,8,1,14,14,1706257443.199939,0.15605616569519043,16,Mid360,1,1,True,True,CURRENT_SUPPORT,False,False,False,False,False,True,CURRENT_SUPPORT_BUT_GENERATION_FAIL
seq0005,seq0005_valref_000426,1706257443.396279,-8.036967277526855,10.445151329040527,2.744225025177002,12.0732421875,-11.14599609375,3.26953125,29.510576248168945,False,False,False,False,False,False,False,False,False,10.196516036987305,10.196516036987305,0.09130859375,nan,,20,44759,0,44759,0.9017510414123535,0.9963271617889404,0.09457612037658691,2,8,8,2,14,14,1706257443.199939,0.19634008407592773,16,Mid360,1,1,True,True,CURRENT_SUPPORT,False,False,False,False,False,True,CURRENT_SUPPORT_BUT_GENERATION_FAIL
seq0005,seq0005_valref_000427,1706257443.4436767,-8.038161277770996,10.44570541381836,2.7360870838165283,12.1572265625,-11.1396484375,3.265625,29.564533233642578,False,False,False,False,False,False,False,True,True,20.997583389282227,0.22319573163986206,0.185546875,nan,,20,44548,0,44548,0.9018750190734863,0.9437606334686279,0.0418856143951416,2,8,8,2,14,14,1706257443.399885,0.043791770935058594,18,Mid360,1,1,True,True,CURRENT_SUPPORT,False,False,False,False,False,True,CURRENT_SUPPORT_BUT_GENERATION_FAIL
seq0005,seq0005_valref_000428,1706257443.4912024,-8.039545059204102,10.446256637573242,2.727771043777466,12.16943359375,-11.12841796875,3.28125,29.566463470458984,False,False,False,False,False,True,True,True,True,0.24618908762931824,0.24618908762931824,0.236328125,0.0203857421875,9,20,44548,0,44548,0.9018750190734863,0.9912862777709961,0.08941125869750977,2,8,8,2,14,14,1706257443.399885,0.09131741523742676,18,Mid360,1,1,True,True,CURRENT_SUPPORT,False,False,False,True,False,False,CANDIDATE_EXISTS_RANKING_FAIL
seq0005,seq0005_valref_000429,1706257443.5569956,-8.041143417358398,10.447196960449219,2.7190699577331543,11.888671875,-10.978515625,3.205078125,29.265933990478516,False,False,False,False,False,True,True,True,True,0.24756233394145966,0.24756233394145966,0.09814453125,0.0311279296875,7,20,44591,0,44591,0.9018480777740479,0.9570417404174805,0.05519366264343262,2,7,7,2,11,11,1706257443.399885,0.15711069107055664,16,Mid360,1,1,True,True,CURRENT_SUPPORT,False,False,False,True,False,False,CANDIDATE_EXISTS_RANKING_FAIL
seq0005,seq0005_valref_000430,1706257443.598564,-8.044480323791504,10.449703216552734,2.70232892036438,11.892578125,-10.978515625,3.220703125,29.273256301879883,False,False,False,False,False,True,True,True,True,0.2752237021923065,0.2752237021923065,0.09814453125,0.03466796875,5,20,44591,0,44591,0.9018480777740479,0.9986100196838379,0.09676194190979004,2,7,7,2,11,11,1706257443.399885,0.19867897033691406,16,Mid360,1,1,True,True,CURRENT_SUPPORT,False,False,False,True,False,False,CANDIDATE_EXISTS_RANKING_FAIL
seq0005,seq0005_valref_000431,1706257443.6489441,-8.046324729919434,10.451277732849121,2.6949830055236816,16.900390625,-5.857421875,2.693359375,29.804569244384766,False,False,False,False,False,True,True,True,True,0.18905827403068542,0.18905827403068542,0.08740234375,0.042724609375,4,20,44272,0,44272,0.9028301239013672,0.9489941596984863,0.04616403579711914,1,7,7,1,10,10,1706257443.59995,0.04899406433105469,18,Mid360,1,1,True,True,CURRENT_SUPPORT,False,False,False,True,False,False,CANDIDATE_EXISTS_RANKING_FAIL
seq0005,seq0005_valref_000432,1706257443.6970139,-8.047966957092285,10.453239440917969,2.6876699924468994,16.904296875,-5.853515625,2.712890625,29.808156967163086,False,False,False,False,False,True,True,True,True,0.20320475101470947,0.20320475101470947,0.083984375,0.046630859375,4,20,44272,0,44272,0.9028301239013672,0.9970638751983643,0.09423375129699707,2,7,7,2,10,10,1706257443.59995,0.09706377983093262,18,Mid360,1,1,True,True,CURRENT_SUPPORT,False,False,False,True,False,False,CANDIDATE_EXISTS_RANKING_FAIL
seq0005,seq0005_valref_000433,1706257443.747248,-8.049772262573242,10.455160140991211,2.6796140670776367,11.86328125,-11.052734375,3.37109375,29.318891525268555,False,False,False,False,False,True,True,True,True,0.16981545090675354,0.22418312728405,0.177734375,0.1572265625,2,20,44284,0,44284,0.901940107345581,0.9474189281463623,0.04547882080078125,2,7,7,2,10,10,1706257443.699814,0.04743385314941406,18,Mid360,2,2,True,True,CURRENT_SUPPORT,False,False,False,True,False,False,CANDIDATE_EXISTS_RANKING_FAIL
seq0005,seq0005_valref_000434,1706257443.7963746,-8.051212310791016,10.457195281982422,2.6732330322265625,11.87109375,-11.0546875,3.38671875,29.328628540039062,False,False,False,False,False,True,True,True,True,0.1925668716430664,0.20589162409305573,0.185546875,0.154296875,2,20,44284,0,44284,0.901940107345581,0.9965455532073975,0.0946054458618164,2,7,7,2,10,10,1706257443.699814,0.09656047821044922,18,Mid360,2,2,True,True,CURRENT_SUPPORT,False,False,False,True,False,False,CANDIDATE_EXISTS_RANKING_FAIL
seq0005,seq0005_valref_000463,1706257445.3104331,-8.071216583251953,10.484774589538574,2.367314100265503,-40.2578125,-14.80859375,83.51953125,90.89231872558594,False,False,False,False,False,True,True,False,True,0.4688411056995392,0.5845210552215576,0.74609375,0.62890625,2,20,45197,1,45196,0.9019029140472412,0.9106431007385254,0.00874018669128418,1,5,5,1,10,10,1706257445.199794,0.11063909530639648,16,Mid360,1,1,True,True,CURRENT_SUPPORT,False,False,False,True,False,False,CANDIDATE_EXISTS_RANKING_FAIL
seq0005,seq0005_valref_000466,1706257445.4482782,-8.074400901794434,10.486126899719238,2.1342270374298096,-40.248046875,-14.78515625,83.513671875,91.08455657958984,False,False,False,False,False,False,True,False,True,0.6803041696548462,0.6803041696548462,0.6640625,0.494140625,2,20,45140,1,45139,0.9017298221588135,0.9483621120452881,0.04663228988647461,5,5,5,10,10,10,1706257445.399775,0.04850316047668457,18,Mid360,1,1,True,True,CURRENT_SUPPORT,False,False,False,True,False,False,CANDIDATE_EXISTS_RANKING_FAIL
seq0005,seq0005_valref_000469,1706257445.605276,-8.079577445983887,10.482935905456543,1.9328370094299316,-40.123046875,-14.80078125,83.6328125,91.32872009277344,False,False,False,False,False,True,True,True,True,0.3105403482913971,0.3105403482913971,0.51171875,0.0849609375,2,20,45354,1,45353,0.9028530120849609,0.9053561687469482,0.0025031566619873047,5,6,6,5,6,6,1706257445.599924,0.005352020263671875,18,Mid360,2,2,True,True,CURRENT_SUPPORT,False,False,False,True,False,False,CANDIDATE_EXISTS_RANKING_FAIL
seq0005,seq0005_valref_000470,1706257445.6618621,-8.082194328308105,10.481053352355957,1.8621779680252075,-40.1015625,-14.81640625,83.65234375,91.40477752685547,False,False,False,False,False,True,True,True,True,0.39413848519325256,0.39413848519325256,0.39453125,0.0693359375,4,20,45354,1,45353,0.9028530120849609,0.961942195892334,0.05908918380737305,6,6,6,6,6,6,1706257445.599924,0.06193804740905762,18,Mid360,2,2,True,True,CURRENT_SUPPORT,False,False,False,True,False,False,CANDIDATE_EXISTS_RANKING_FAIL
seq0005,seq0005_valref_000471,1706257445.6969004,-8.088735580444336,10.478132247924805,1.7224040031433105,-40.091796875,-14.828125,83.662109375,91.53533935546875,False,False,False,False,False,False,True,False,True,0.535405695438385,0.535405695438385,0.30859375,0.061767578125,4,20,45354,1,45353,0.9028530120849609,0.9969804286956787,0.09412741661071777,6,6,6,6,6,6,1706257445.599924,0.09697628021240234,18,Mid360,2,2,True,True,CURRENT_SUPPORT,False,False,False,True,False,False,CANDIDATE_EXISTS_RANKING_FAIL
seq0005,seq0005_valref_000491,1706257446.7002132,-8.069833755493164,10.445718765258789,0.5335729718208313,11.7734375,-10.935546875,3.3681640625,29.307828903198242,False,False,False,False,False,True,True,True,True,0.35125523805618286,0.35125523805618286,0.359375,0.046630859375,9,20,45713,1,45712,0.9980361461639404,0.9984452724456787,0.00040912628173828125,5,7,9,10,17,40,1706257446.699804,0.00040912628173828125,19,Mid360,2,6,True,True,CURRENT_SUPPORT,False,False,False,True,False,False,CANDIDATE_EXISTS_RANKING_FAIL
seq0005,seq0005_valref_000492,1706257446.7476096,-8.071761131286621,10.448454856872559,0.4970420002937317,11.771484375,-10.92578125,3.375,29.30691146850586,False,False,False,False,False,True,True,True,True,0.4025658965110779,0.4025658965110779,0.4453125,0.04345703125,8,20,45713,1,45712,0.9019730091094971,0.9478075504302979,0.04583454132080078,6,7,9,12,17,46,1706257446.699804,0.0478055477142334,18,Mid360,2,6,True,True,CURRENT_SUPPORT,False,False,False,True,False,False,CANDIDATE_EXISTS_RANKING_FAIL
seq0005,seq0005_valref_000493,1706257446.7981389,-8.073288917541504,10.450840950012207,0.4599609971046448,11.771484375,-10.9150390625,3.3828125,29.306293487548828,False,False,False,False,False,True,True,True,True,0.4556678533554077,0.4556678533554077,0.5234375,0.03955078125,8,20,45713,1,45712,0.9019730091094971,0.9983367919921875,0.09636378288269043,6,7,9,14,17,56,1706257446.699804,0.09833478927612305,18,Mid360,2,6,True,True,CURRENT_SUPPORT,False,False,False,True,False,False,CANDIDATE_EXISTS_RANKING_FAIL
seq0005,seq0005_valref_000494,1706257446.849616,-8.074213027954102,10.45538330078125,0.39241600036621094,12.192138671875,-10.9990234375,3.31640625,29.657482147216797,False,False,False,False,False,False,True,False,True,0.5091673731803894,0.5091673731803894,0.1826171875,0.16015625,2,20,45497,1,45496,0.9017519950866699,0.9496960639953613,0.047944068908691406,7,8,9,17,20,65,1706257446.799801,0.04981493949890137,18,Mid360,2,4,True,True,CURRENT_SUPPORT,False,False,False,True,False,False,CANDIDATE_EXISTS_RANKING_FAIL
seq0005,seq0005_valref_000496,1706257446.9463532,-8.073016166687012,10.458094596862793,0.32922399044036865,18.76708984375,-2.64990234375,6.990234375,30.603595733642578,False,False,False,False,False,False,False,False,False,19.701868057250977,19.701868057250977,0.89453125,nan,,20,45676,0,45676,0.9017210006713867,0.9464292526245117,0.044708251953125,7,8,10,18,22,75,1706257446.89992,0.046433210372924805,18,Mid360,2,6,True,True,CURRENT_SUPPORT,False,False,False,False,False,True,CURRENT_SUPPORT_BUT_GENERATION_FAIL
seq0005,seq0005_valref_000497,1706257446.9980187,-8.071900367736816,10.459071159362793,0.3005000054836273,18.78466796875,-2.6396484375,6.998046875,30.622032165527344,False,False,False,False,False,False,False,False,False,19.711977005004883,19.711977005004883,0.89453125,nan,,20,45676,0,45676,0.9017210006713867,0.9980947971343994,0.0963737964630127,8,8,10,18,22,81,1706257446.89992,0.0980987548828125,18,Mid360,2,6,True,True,CURRENT_SUPPORT,False,False,False,False,False,True,CURRENT_SUPPORT_BUT_GENERATION_FAIL
seq0005,seq0005_valref_000498,1706257447.0538683,-8.070612907409668,10.45944595336914,0.2712950110435486,18.791748046875,-2.66015625,6.94921875,30.63176727294922,False,False,False,False,False,False,True,False,True,0.7898557186126709,0.7898557186126709,0.86328125,0.0203857421875,10,20,45515,0,45515,0.9019129276275635,0.9540653228759766,0.052152395248413086,8,9,10,20,24,97,1706257446.999786,0.054082393646240234,18,Mid360,2,5,True,True,CURRENT_SUPPORT,False,False,False,True,False,False,CANDIDATE_EXISTS_RANKING_FAIL
seq0005,seq0005_valref_000499,1706257447.1005425,-8.069260597229004,10.459444046020508,0.2422879934310913,18.78662109375,-2.5693359375,7.013671875,30.60782814025879,False,False,False,False,False,False,False,False,False,20.90144157409668,20.90056037902832,0.66796875,nan,,20,45499,0,45499,0.9969580173492432,0.9977664947509766,0.0008084774017333984,7,9,10,18,22,93,1706257447.099734,0.0008084774017333984,19,Mid360,2,3,True,True,CURRENT_SUPPORT,False,False,False,False,False,True,CURRENT_SUPPORT_BUT_GENERATION_FAIL
seq0006,seq0006_valref_000501,1706257647.734974,2.5119330883026123,-0.9538750052452087,3.127027988433838,-7.962890625,-0.7505340576171875,-0.31640625,11.028169631958008,False,False,False,False,False,True,True,True,True,0.30977684259414673,0.30977684259414673,0.099609375,0.053466796875,5,2,4919,0,4919,0.0003440380096435547,0.03476285934448242,0.03441882133483887,1,1,1,16,29,29,1706257647.700211,0.03476285934448242,0,Mid360,1,29,True,True,CURRENT_SUPPORT,False,False,False,True,False,False,CANDIDATE_EXISTS_RANKING_FAIL
seq0006,seq0006_valref_000502,1706257647.7743883,2.486402988433838,-0.9340429902076721,3.1276280879974365,-7.9580078125,-0.7522125244140625,-0.28515625,10.989352226257324,False,False,False,False,False,True,True,True,True,0.3481651246547699,0.3481651246547699,0.07470703125,0.037841796875,7,2,4919,0,4919,0.0003440380096435547,0.07417726516723633,0.07383322715759277,1,1,1,13,29,29,1706257647.700211,0.07417726516723633,0,Mid360,1,29,True,True,CURRENT_SUPPORT,False,False,False,True,False,False,CANDIDATE_EXISTS_RANKING_FAIL
seq0006,seq0006_valref_000503,1706257647.817207,2.4610610008239746,-0.9125099778175354,3.128330945968628,-48.55859375,-3.990234375,29.607421875,57.564048767089844,False,False,False,False,False,True,True,True,True,0.16785214841365814,0.24421966075897217,0.1376953125,0.055908203125,6,4,9896,0,9896,0.10044288635253906,0.11699604988098145,0.016553163528442383,2,2,2,10,44,44,1706257647.800332,0.016875028610229492,2,Mid360,2,44,True,True,CURRENT_SUPPORT,False,False,False,True,False,False,CANDIDATE_EXISTS_RANKING_FAIL
seq0006,seq0006_valref_000504,1706257647.865148,2.4366190433502197,-0.8902699947357178,3.1285769939422607,-48.552734375,-3.99609375,29.625,57.54668426513672,False,False,False,False,False,True,True,True,True,0.17090807855129242,0.23054924607276917,0.130859375,0.06640625,5,4,9896,0,9896,0.10044288635253906,0.16493701934814453,0.06449413299560547,2,2,2,9,44,44,1706257647.800332,0.06481599807739258,2,Mid360,2,44,True,True,CURRENT_SUPPORT,False,False,False,True,False,False,CANDIDATE_EXISTS_RANKING_FAIL
seq0006,seq0006_valref_000505,1706257647.9066315,2.409480094909668,-0.8660029768943787,3.1291980743408203,-50.5,-13.8896484375,25.80078125,59.01719284057617,False,False,False,False,False,False,False,False,False,10.724212646484375,10.724212646484375,0.05029296875,nan,,6,14718,0,14718,0.20035600662231445,0.2064204216003418,0.006064414978027344,3,3,3,13,73,73,1706257647.90029,0.006341457366943359,4,Mid360,2,44,True,True,CURRENT_SUPPORT,False,False,False,False,False,True,CURRENT_SUPPORT_BUT_GENERATION_FAIL
seq0006,seq0006_valref_000506,1706257647.9559188,2.384942054748535,-0.8412140011787415,3.129185914993286,11.912109375,4.1025390625,3.1875,10.73363971710205,False,False,False,False,False,True,True,True,True,0.149020254611969,0.28523075580596924,0.053466796875,0.03369140625,5,6,14718,0,14718,0.20035600662231445,0.2557077407836914,0.05535173416137695,3,3,3,9,73,73,1706257647.90029,0.05562877655029297,4,Mid360,2,44,True,True,CURRENT_SUPPORT,False,False,False,True,False,False,CANDIDATE_EXISTS_RANKING_FAIL
seq0006,seq0006_valref_000507,1706257648.0211315,2.3597590923309326,-0.8165730237960815,3.1293389797210693,-50.337890625,-11.50390625,29.0390625,59.687313079833984,False,False,False,False,False,False,False,False,False,11.248385429382324,11.248385429382324,0.12353515625,nan,,8,19590,0,19590,0.3004748821258545,0.320920467376709,0.020445585250854492,4,4,4,17,104,104,1706257648.00034,0.02079153060913086,6,Mid360,2,60,True,True,CURRENT_SUPPORT,False,False,False,False,False,True,CURRENT_SUPPORT_BUT_GENERATION_FAIL
seq0006,seq0006_valref_000508,1706257648.0548022,2.3350369930267334,-0.790224015712738,3.129401922225952,-50.3330078125,-11.5078125,29.05078125,59.67166519165039,False,False,False,False,False,True,True,True,True,0.23297591507434845,0.23297591507434845,0.119140625,0.02978515625,9,8,19590,0,19590,0.3004748821258545,0.35459113121032715,0.054116249084472656,4,4,4,17,104,104,1706257648.00034,0.05446219444274902,6,Mid360,2,60,True,True,CURRENT_SUPPORT,False,False,False,True,False,False,CANDIDATE_EXISTS_RANKING_FAIL
seq0006,seq0006_valref_000509,1706257648.1019192,2.3061840534210205,-0.7607859969139099,3.130059003829956,-9.74078369140625,19.7655029296875,5.8359375,23.95370101928711,False,False,False,False,False,True,True,True,True,0.11798157542943954,0.2670786380767822,0.049560546875,0.03466796875,7,10,24534,0,24534,0.40041089057922363,0.40170812606811523,0.0012972354888916016,5,5,5,20,127,127,1706257648.100317,0.0016021728515625,8,Mid360,2,54,True,True,CURRENT_SUPPORT,False,False,False,True,False,False,CANDIDATE_EXISTS_RANKING_FAIL
seq0006,seq0006_valref_000510,1706257648.1742947,2.246958017349243,-0.6951169967651367,3.130458116531372,-9.73699951171875,19.7587890625,5.8671875,23.86351203918457,False,False,False,False,False,True,True,True,True,0.09786693751811981,0.3127436935901642,0.048828125,0.04150390625,2,10,24534,0,24534,0.40041089057922363,0.47408366203308105,0.07367277145385742,4,5,5,11,127,127,1706257648.100317,0.07397770881652832,8,Mid360,2,54,True,True,CURRENT_SUPPORT,False,False,False,True,False,False,CANDIDATE_EXISTS_RANKING_FAIL
seq0006,seq0006_valref_000511,1706257648.2086186,2.21848201751709,-0.6629850268363953,3.1303529739379883,-9.76458740234375,19.74261474609375,5.8984375,23.82529640197754,False,False,False,False,False,False,False,True,True,11.264019012451172,0.11357041448354721,0.052734375,nan,,12,29291,0,29291,0.5003540515899658,0.5084075927734375,0.00805354118347168,4,6,6,9,147,147,1706257648.200276,0.008342742919921875,10,Mid360,2,43,True,True,CURRENT_SUPPORT,False,False,False,False,False,True,CURRENT_SUPPORT_BUT_GENERATION_FAIL
seq0006,seq0006_valref_000512,1706257648.255138,2.188910961151123,-0.6291859745979309,3.129889965057373,-9.75994873046875,19.736328125,5.9140625,23.7756404876709,False,False,False,False,False,True,True,True,True,0.11842993646860123,0.11842993646860123,0.0517578125,0.0255126953125,5,12,29291,0,29291,0.5003540515899658,0.554926872253418,0.05457282066345215,3,6,6,6,147,147,1706257648.200276,0.054862022399902344,10,Mid360,2,43,True,True,CURRENT_SUPPORT,False,False,False,True,False,False,CANDIDATE_EXISTS_RANKING_FAIL
seq0006,seq0006_valref_000513,1706257648.3206553,2.161195993423462,-0.5976390242576599,3.129509925842285,-48.7630615234375,-5.281494140625,28.58984375,57.126590728759766,False,False,False,False,False,True,True,True,True,0.07788796722888947,0.07788796722888947,0.049560546875,0.0289306640625,7,14,34250,0,34250,0.6004469394683838,0.6204442977905273,0.019997358322143555,4,7,7,14,177,177,1706257648.300213,0.02044224739074707,12,Mid360,2,50,True,True,CURRENT_SUPPORT,False,False,False,True,False,False,CANDIDATE_EXISTS_RANKING_FAIL
seq0006,seq0006_valref_000514,1706257648.355047,2.1314139366149902,-0.5646190047264099,3.129779100418091,-48.7564697265625,-5.28173828125,28.6015625,57.102012634277344,False,False,False,False,False,True,True,True,True,0.10040442645549774,0.10040442645549774,0.04736328125,0.033203125,4,14,34250,0,34250,0.6004469394683838,0.6548359394073486,0.054388999938964844,3,7,7,9,177,177,1706257648.300213,0.05483388900756836,12,Mid360,2,50,True,True,CURRENT_SUPPORT,False,False,False,True,False,False,CANDIDATE_EXISTS_RANKING_FAIL
seq0008,seq0008_valref_000701,1706257657.806374,-6.226503849029541,9.102542877197266,2.8166630268096924,-52.640625,-22.17578125,30.28515625,62.3467903137207,False,False,False,False,False,False,False,False,False,11.941136360168457,11.941136360168457,0.0634765625,nan,,2,4730,0,4730,0.00039696693420410156,0.006195068359375,0.0057981014251708984,0,0,0,0,0,0,nan,nan,,,0,0,False,False,NO_CURRENT_SUPPORT,False,True,False,False,False,False,NO_HISTORY_SUPPORT
seq0008,seq0008_valref_000702,1706257657.8561163,-6.230853080749512,9.109455108642578,2.808846950531006,-50.55078125,-13.140625,29.48046875,56.3089485168457,False,False,False,False,False,False,False,False,False,11.936119079589844,11.936119079589844,0.0439453125,nan,,2,4730,0,4730,0.00039696693420410156,0.05593729019165039,0.05554032325744629,0,0,0,0,0,0,nan,nan,,,0,0,False,False,NO_CURRENT_SUPPORT,False,True,False,False,False,False,NO_HISTORY_SUPPORT
seq0008,seq0008_valref_000787,1706257662.1033375,-6.232876777648926,9.172658920288086,0.09029799699783325,11.865234375,-10.9873046875,3.33837890625,27.285816192626953,False,False,False,False,False,True,True,True,True,0.13558517396450043,0.13558517396450043,0.11572265625,0.03369140625,5,20,48818,0,48818,0.9002430438995361,0.9030625820159912,0.002819538116455078,10,10,10,23,33,92,1706257662.100278,0.0030596256256103516,18,Mid360,2,10,True,True,CURRENT_SUPPORT,False,False,False,True,False,False,CANDIDATE_EXISTS_RANKING_FAIL
seq0008,seq0008_valref_000788,1706257662.153566,-6.233758926391602,9.17173957824707,0.0654359981417656,11.869140625,-10.9873046875,3.34521484375,27.292104721069336,False,False,False,False,False,True,True,True,True,0.17477265000343323,0.17477265000343323,0.1474609375,0.0302734375,7,20,48818,0,48818,0.9002430438995361,0.9532909393310547,0.053047895431518555,10,10,10,25,33,92,1706257662.100278,0.05328798294067383,18,Mid360,2,10,True,True,CURRENT_SUPPORT,False,False,False,True,False,False,CANDIDATE_EXISTS_RANKING_FAIL
seq0008,seq0008_valref_000789,1706257662.2048817,-6.234169960021973,9.170293807983398,0.04178300127387047,11.876953125,-10.9814453125,3.35693359375,27.296438217163086,False,False,False,False,False,False,False,True,True,11.859112739562988,0.1432390809059143,0.12890625,nan,,20,48956,0,48956,0.9002501964569092,0.9046957492828369,0.004445552825927734,9,10,10,18,33,94,1706257662.200215,0.004666566848754883,18,Mid360,2,12,True,True,CURRENT_SUPPORT,False,False,False,False,False,True,CURRENT_SUPPORT_BUT_GENERATION_FAIL
seq0008,seq0008_valref_000790,1706257662.2550719,-6.234595775604248,9.167618751525879,-0.00203000009059906,11.880859375,-10.98046875,3.36376953125,27.302814483642578,False,False,False,False,False,False,False,False,False,11.877779960632324,11.877779960632324,0.169921875,nan,,20,48956,0,48956,0.9002501964569092,0.9548859596252441,0.05463576316833496,10,10,10,23,33,96,1706257662.200215,0.05485677719116211,18,Mid360,2,12,True,True,CURRENT_SUPPORT,False,False,False,False,False,True,CURRENT_SUPPORT_BUT_GENERATION_FAIL
seq0008,seq0008_valref_000791,1706257662.3178449,-6.234839916229248,9.165569305419922,-0.024252999573946,14.96875,-6.7531585693359375,2.33984375,26.619298934936523,False,False,False,False,False,True,True,True,True,0.21880728006362915,0.21880728006362915,0.040771484375,0.03369140625,6,20,49004,0,49004,0.9002420902252197,0.9175329208374023,0.017290830612182617,9,10,10,26,37,105,1706257662.300305,0.01753997802734375,18,Mid360,2,13,True,True,CURRENT_SUPPORT,False,False,False,True,False,False,CANDIDATE_EXISTS_RANKING_FAIL
seq0008,seq0008_valref_000792,1706257662.35338,-6.234713077545166,9.163579940795898,-0.044548001140356064,14.96875,-6.749858856201172,2.3515625,26.618896484375,False,False,False,False,False,True,True,True,True,0.24229691922664642,0.24229691922664642,0.0419921875,0.0311279296875,6,20,49004,0,49004,0.9002420902252197,0.9530680179595947,0.052825927734375,9,10,10,27,37,107,1706257662.300305,0.05307507514953613,18,Mid360,2,13,True,True,CURRENT_SUPPORT,False,False,False,True,False,False,CANDIDATE_EXISTS_RANKING_FAIL
seq0008,seq0008_valref_000793,1706257662.4029658,-6.234372138977051,9.16097354888916,-0.06589800119400024,-3.4931640625,-26.041015625,2.123046875,35.3763427734375,False,False,False,False,False,False,False,False,False,18.839534759521484,18.839534759521484,0.126953125,nan,,20,49005,0,49005,0.9001798629760742,0.9026696681976318,0.002489805221557617,9,10,10,28,41,113,1706257662.40029,0.002675771713256836,18,Mid360,2,11,True,True,CURRENT_SUPPORT,False,False,False,False,False,True,CURRENT_SUPPORT_BUT_GENERATION_FAIL
seq0008,seq0008_valref_000794,1706257662.457086,-6.234047889709473,9.158167839050293,-0.08498799800872803,-3.48828125,-26.044921875,2.14453125,35.38032913208008,False,False,False,False,False,False,False,False,False,18.846790313720703,18.846790313720703,0.11572265625,nan,,20,49005,0,49005,0.9001798629760742,0.9567899703979492,0.056610107421875,9,10,10,29,41,115,1706257662.40029,0.05679607391357422,18,Mid360,2,11,True,True,CURRENT_SUPPORT,False,False,False,False,False,True,CURRENT_SUPPORT_BUT_GENERATION_FAIL
seq0008,seq0008_valref_000795,1706257662.5126553,-6.233756065368652,9.15513801574707,-0.10520400106906891,-3.671875,-26.08203125,2.3798828125,35.41746520996094,False,False,False,False,False,False,False,False,False,18.888063430786133,18.888063430786133,0.0849609375,nan,,20,49150,0,49150,0.9012439250946045,0.9124412536621094,0.011197328567504883,8,10,10,30,43,116,1706257662.500214,0.012441158294677734,18,Mid360,2,8,True,True,CURRENT_SUPPORT,False,False,False,False,False,True,CURRENT_SUPPORT_BUT_GENERATION_FAIL
seq0008,seq0008_valref_000796,1706257662.5558949,-6.2343549728393555,9.150052070617676,-0.14024800062179565,-3.669921875,-26.0859375,2.3876953125,35.41950988769531,False,False,False,False,False,False,False,False,False,18.898277282714844,18.898277282714844,0.07080078125,nan,,20,49150,0,49150,0.9012439250946045,0.9556808471679688,0.05443692207336426,8,10,10,31,43,120,1706257662.500214,0.05568075180053711,18,Mid360,2,8,True,True,CURRENT_SUPPORT,False,False,False,False,False,True,CURRENT_SUPPORT_BUT_GENERATION_FAIL
seq0008,seq0008_valref_000797,1706257662.6031797,-6.23488712310791,9.147016525268555,-0.1580819934606552,-23.7196044921875,-4.65869140625,8.51953125,23.908447265625,False,False,False,False,False,False,False,False,False,18.892724990844727,18.892724990844727,0.054931640625,nan,,20,48977,0,48977,0.9003570079803467,0.9030237197875977,0.0026667118072509766,7,10,10,26,39,121,1706257662.600184,0.002995729446411133,18,Mid360,2,5,True,True,CURRENT_SUPPORT,False,False,False,False,False,True,CURRENT_SUPPORT_BUT_GENERATION_FAIL
seq0008,seq0008_valref_000798,1706257662.6575809,-6.236041069030762,9.143821716308594,-0.17442099750041962,-23.71240234375,-4.65478515625,8.5390625,23.911283493041992,False,False,False,False,False,False,False,False,False,11.60079574584961,11.60079574584961,0.05419921875,nan,,20,48977,0,48977,0.9003570079803467,0.9574248790740967,0.05706787109375,9,10,10,28,39,125,1706257662.600184,0.057396888732910156,18,Mid360,2,5,True,True,CURRENT_SUPPORT,False,False,False,False,False,True,CURRENT_SUPPORT_BUT_GENERATION_FAIL
seq0008,seq0008_valref_000799,1706257662.710591,-6.237411022186279,9.140235900878906,-0.1912440061569214,-8.46875,-58.119140625,0.4931640625,67.29985809326172,False,False,False,False,False,False,False,False,False,18.94143295288086,18.94143295288086,0.0419921875,nan,,20,48932,0,48932,0.9001338481903076,0.910290002822876,0.01015615463256836,8,9,10,28,37,126,1706257662.600184,0.11040711402893066,16,Mid360,1,2,True,True,CURRENT_SUPPORT,False,False,False,False,False,True,CURRENT_SUPPORT_BUT_GENERATION_FAIL
