step,total_loss,objectness_loss,spatial_xyz_loss,temporal_loss,spatial_median_error,temporal_median_error,positive_logit,best_negative_logit,objectness_margin,endpoint_spatial_supervised,endpoint_count,num_supervised_occurrences,num_temporal_supervised,grad_sbe_vqsa,grad_l0_spatial,grad_l2_spatial,grad_candidate_objectness,grad_candidate_xyz,grad_query_pool,grad_temporal_transformer,grad_temporal_xyz_head
0,27.836224081841383,1.1343459270217202,0.30948452380570496,26.082909107208252,68.15337371826172,55.58647918701172,nan,-4.57226836681366,nan,0,4,22,32,,,,,,,,
10,27.53857970102267,1.1203134547580371,0.23351547596129504,25.95123529434204,0.6951689422130585,55.408668518066406,nan,-4.535818338394165,nan,0,4,22,32,0.00019296417303849012,0.019059916958212852,0.0007912071305327117,0.19787806272506714,1.4414416551589966,0.00010701618157327175,0.0292050763964653,1.6329717636108398
20,27.2611735612154,1.1068052053451538,0.16850421577692032,25.817359924316406,0.5950712859630585,55.219512939453125,nan,-4.500391364097595,nan,0,4,22,32,0.00010361088789068162,0.01265108771622181,0.0006867743795737624,0.274088054895401,1.9374665021896362,0.0001117779320338741,0.052497997879981995,2.60402250289917
30,26.931575918739494,1.0904575748877092,0.11295462061058391,25.615209102630615,0.5039329826831818,54.93048858642578,nan,-4.459757328033447,nan,0,4,22,32,7.655753142898902e-05,0.007933427579700947,0.00047575801727361977,0.38398340344429016,2.108341932296753,0.00010438462777528912,0.09332235902547836,4.067277908325195
40,26.49982294609601,1.070264827121388,0.07079688747498122,25.287964344024658,0.4279641658067703,54.4562931060791,nan,-4.40463924407959,nan,0,4,22,32,7.748989446554333e-05,0.00564850028604269,0.0002725439553614706,0.5330213308334351,1.9886445999145508,8.943605644162744e-05,0.15520626306533813,6.329995632171631
50,25.899942935698412,1.0475848317146301,0.04455339967865835,24.763251304626465,0.3729405403137207,53.685136795043945,nan,-4.34224009513855,nan,0,4,22,32,6.699474761262536e-05,0.005084796342998743,0.00023581318964716047,0.7024121880531311,1.6652253866195679,7.977938366821036e-05,0.2445274442434311,9.72360897064209
60,25.031357377767563,1.0237143419005654,0.03108921240676533,23.945464611053467,0.33925682306289673,52.49052619934082,nan,-4.273601293563843,nan,0,4,22,32,6.407716864487156e-05,0.005547648761421442,0.00023147411411628127,0.8767609596252441,1.3106740713119507,8.578773122280836e-05,0.37601402401924133,14.604846000671387
70,23.761875315146014,1.0001462562517687,0.024820952252908188,22.712087154388428,0.3195898234844208,50.7176570892334,nan,-4.205868601799011,nan,0,4,22,32,6.923790351720527e-05,0.005402825772762299,0.00021118359290994704,1.0419697761535645,1.0426421165466309,9.170913835987449e-05,0.5540857911109924,21.433731079101562
80,21.96388572445986,0.9781714054671201,0.021787346721711485,20.942139625549316,0.3069201111793518,48.229312896728516,nan,-4.143164873123169,nan,0,4,22,32,6.792489148210734e-05,0.005679737776517868,0.0002513524377718568,1.187981128692627,0.8707957863807678,9.970191604224965e-05,0.7773584723472595,30.56869125366211
90,19.756926896685567,0.9582292356274345,0.020155524559827012,18.758386611938477,0.2981053441762924,44.948781967163086,nan,-4.087765216827393,nan,0,4,22,32,4.5063970901537687e-05,0.007449362892657518,0.00047297831042669713,1.3140709400177002,0.7652493119239807,0.00011861015082104132,0.7236931920051575,34.564510345458984
100,18.398948285051368,0.9393124390732158,0.01919728128070181,17.421241283416748,0.29189541935920715,41.40028953552246,nan,-4.038388013839722,nan,0,4,22,32,6.126747030066326e-05,0.009905126877129078,0.0005933897336944938,1.4349631071090698,0.7006961703300476,0.0001513170573161915,0.4608960747718811,53.927032470703125
110,16.75945322393355,0.9222798103635962,0.018603419927372175,15.79996657371521,0.2875763028860092,38.0821533203125,nan,-3.9936089515686035,nan,0,4,22,32,0.00011194202670594677,0.007679924834519625,0.00035365071380510926,1.534317135810852,0.6623650789260864,0.0001145422356785275,0.6398516893386841,63.220741271972656
120,14.655827208464457,0.9063495072451505,0.018101730362766168,13.713274240493774,0.2839978188276291,34.42020606994629,nan,-3.9508140087127686,nan,0,4,22,32,0.00010616791405482218,0.011804421432316303,0.0005325850215740502,1.6181846857070923,0.6289083361625671,0.0001731786469463259,0.8578155040740967,72.95333862304688
130,11.963300800331954,0.8910833055322821,0.017670288957147437,11.036876916885376,0.2809918746352196,30.067484855651855,nan,-3.913143813610077,nan,0,4,22,32,0.00010704136366257444,0.011547647416591644,0.0004784059419762343,1.7053837776184082,0.5975865721702576,0.0001765465276548639,1.1178377866744995,84.78484344482422
140,9.206015035129068,0.8758012273094871,0.017342578767883508,8.295528650283813,0.27863072603940964,24.98129940032959,nan,-3.8759297132492065,nan,0,4,22,32,5.059364048065618e-05,0.008993846364319324,0.0004146728606428951,1.7967326641082764,0.5727356672286987,0.00012885151954833418,0.4771552085876465,66.49116516113281
150,8.25295355378396,0.8587886393070221,0.01708566873673011,7.359993577003479,0.2768329530954361,20.505596160888672,nan,-3.8219895362854004,nan,0,4,22,32,7.460736378561705e-05,0.012016572058200836,0.0005579934222623706,1.8954871892929077,0.5532070994377136,0.00017852139717433602,0.30952441692352295,93.47972106933594
160,6.682190766854381,0.8415811359882355,0.016878823897886006,5.8068519830703735,0.27500712871551514,16.346352577209473,nan,-3.7679877281188965,nan,0,4,22,32,5.956284439889714e-05,0.008341164328157902,0.00047508260468021035,1.9628756046295166,0.5381250381469727,0.00012180464545963332,0.3722993731498718,97.00311279296875
170,4.827960385686972,0.8235278617252003,0.01667694484984333,3.971078634262085,0.2730179950594902,12.007705211639404,nan,-3.7379162907600403,nan,0,4,22,32,5.2103230700595304e-05,0.010742362588644028,0.000653267779853195,2.0356907844543457,0.5266409516334534,0.00012736243661493063,0.5635663866996765,99.56002044677734
180,2.598120881329206,0.8028650012883273,0.016409342727539213,1.7624371945858002,0.2705714553594589,5.73665714263916,nan,-3.738003194332123,nan,0,4,22,32,0.0002064343570964411,0.02012353576719761,0.001075461506843567,2.1716909408569336,0.5101489424705505,0.0002993468660861254,1.249447226524353,82.45578002929688
190,1.3337688556956975,0.778961877931248,0.016203619666736235,0.5223997384309769,0.268729493021965,2.0627301931381226,nan,-3.6888569593429565,nan,0,4,22,32,0.00041203334694728255,0.02850577048957348,0.0013489724369719625,2.250762939453125,0.48948007822036743,0.00036001004627905786,1.9116225242614746,95.79004669189453
200,1.0362411329776724,0.7532671825452284,0.015966105126691135,0.2510417401790619,0.2669573053717613,0.9740768671035767,nan,-3.7017799019813538,nan,0,4,22,32,0.0003912562970072031,0.03580726310610771,0.0019626342691481113,2.4713408946990967,0.4798879027366638,0.00042705138912424445,0.9903199076652527,88.911376953125
