checkpoint,sequence_id,sample_id,query_uid,query_time,m_R,m_V,gt_valid,gt_x,gt_y,gt_z,radar_candidate_count,radar_top1_error_m,radar_oracle_error_m,radar_any_hit_05m,radar_any_hit_1m,radar_any_hit_2m,fusion_candidate_count,fusion_top_type,fusion_top_score,fusion_top_error_m,fusion_top_x,fusion_top_y,fusion_top_z,fusion_top_c2d,fusion_top_c3d,fusion_top_radar_score,fusion_top_vision_score,fusion_top_joint_score,gate_w_R,gate_w_V,gate_w_J,fusion_top_radar_source_index,fusion_top_vision_source_index,assoc_geometry_normalized,assoc_cosine,fusion_top_has_radar_prior,fusion_top_prior_x,fusion_top_prior_y,fusion_top_prior_z,fusion_top_prior_error_m,fusion_refine_delta_m,type_RV_count,type_RV_best_score,type_RV_best_error_m,type_R_count,type_R_best_score,type_R_best_error_m,type_V_count,type_V_best_score,type_V_best_error_m,radar_top1_score,radar_top1_x,radar_top1_y,radar_top1_z,radar_top1_source_index,radar_oracle_score,radar_oracle_source_index
best,seq0007,seq0007_g000000,0,1706255246.2042434,False,True,True,18.865446090698242,-3.374746084213257,51.236236572265625,0,,,False,False,False,50,V,0.09850066155195236,36.73438262939453,2.5607078075408936,-7.071274757385254,18.526819229125977,0.009350658394396305,0.022447478026151657,0.0,0.013986057601869106,0.3100720942020416,0.0,0.7145606875419617,0.2854393422603607,-1,550,0.0,0.0,False,,,,,,0,,,0,,,50,0.09850066155195236,36.73438262939453,,,,,,,
best,seq0007,seq0007_g000001,1,1706255246.250483,True,True,True,18.93038558959961,-3.396737813949585,51.23839569091797,5,1.141514778137207,1.141514778137207,False,False,True,50,R,0.2603631019592285,1.10840904712677,18.208637237548828,-2.5693881511688232,51.39052200317383,0.0111349793151021,0.035597946494817734,0.26902085542678833,0.0,0.23378661274909973,0.7542796730995178,0.0,0.24572032690048218,4,-1,0.0,0.0,True,18.286771774291992,-2.454221725463867,51.216468811035156,1.141514778137207,0.22285158932209015,0,,,5,0.2603631019592285,1.10840904712677,45,0.10059241205453873,36.44575500488281,0.26902085542678833,18.286771774291992,-2.454221725463867,51.216468811035156,4,0.26902085542678833,4
best,seq0007,seq0007_g000002,2,1706255246.316956,True,True,True,18.99923324584961,-3.41829776763916,51.23963165283203,50,0.9965636730194092,0.9965636730194092,False,True,True,50,R,0.8023808002471924,1.028174638748169,18.302528381347656,-2.6647496223449707,51.30216598510742,0.04143892228603363,0.2894904911518097,0.9850212931632996,0.0,0.34627050161361694,0.7140661478042603,0.0,0.28593382239341736,2548,-1,0.0,0.0,True,18.355566024780273,-2.6587696075439453,51.283775329589844,0.9965636730194092,0.05645323917269707,0,,,13,0.8023808002471924,1.028174638748169,37,0.0592576302587986,37.474361419677734,0.9850212931632996,18.355566024780273,-2.6587696075439453,51.283775329589844,2548,0.9850212931632996,2548
best,seq0007,seq0007_g000003,3,1706255246.3488917,True,True,True,19.06656837463379,-3.438742160797119,51.240230560302734,50,1.0508508682250977,1.0508508682250977,False,False,True,50,R,0.8039113283157349,1.0786179304122925,18.339406967163086,-2.6445727348327637,51.303062438964844,0.040170200169086456,0.2826547622680664,0.9841735363006592,0.0,0.34971848130226135,0.7158787250518799,0.0,0.28412124514579773,5234,-1,0.0,0.0,True,18.391014099121094,-2.634910821914673,51.282291412353516,1.0508508682250977,0.05646312236785889,0,,,12,0.8039113283157349,1.0786179304122925,38,0.06562376767396927,37.654022216796875,0.9841735363006592,18.391014099121094,-2.634910821914673,51.282291412353516,5234,0.9841735363006592,5234
best,seq0007,seq0007_g000004,4,1706255246.4044943,True,True,True,19.209299087524414,-3.479526996612549,51.2442512512207,50,1.145229697227478,1.145229697227478,False,False,True,50,R,0.7863508462905884,1.1734646558761597,18.326053619384766,-2.7097439765930176,51.31005859375,0.0380215048789978,0.2630157768726349,0.9636244177818298,0.0,0.36746838688850403,0.7026389837265015,0.0,0.2973610460758209,5022,-1,0.0,0.0,True,18.383804321289062,-2.6862263679504395,51.27224349975586,1.145229697227478,0.07292600721120834,0,,,13,0.7863508462905884,1.1734646558761597,37,0.06303919106721878,37.64385986328125,0.9636244177818298,18.383804321289062,-2.6862263679504395,51.27224349975586,5022,0.9636244177818298,5022
best,seq0007,seq0007_g000005,5,1706255246.4504945,True,True,True,19.283246994018555,-3.49849534034729,51.2449951171875,50,1.205069661140442,1.205069661140442,False,False,True,50,R,0.7529618740081787,1.226915717124939,18.33774185180664,-2.7196083068847656,51.313385009765625,0.038626547902822495,0.26087358593940735,0.917574942111969,0.0,0.3793933689594269,0.6941310167312622,0.0,0.3058689534664154,10399,-1,0.0,0.0,True,18.392587661743164,-2.687162160873413,51.2706298828125,1.205069661140442,0.0767386183142662,0,,,15,0.7529618740081787,1.226915717124939,35,0.06491897255182266,37.81607437133789,0.917574942111969,18.392587661743164,-2.687162160873413,51.2706298828125,10399,0.917574942111969,10399
best,seq0007,seq0007_g000006,6,1706255246.502648,True,True,True,19.3570499420166,-3.516385316848755,51.246395111083984,50,1.2500536441802979,1.2500536441802979,False,False,True,50,R,0.7073992490768433,1.2652812004089355,18.40534019470215,-2.6870768070220947,51.33260726928711,0.03593381494283676,0.23868197202682495,0.8474425077438354,0.0,0.3871912658214569,0.6957243084907532,0.0,0.3042756915092468,5034,-1,0.0,0.0,True,18.460546493530273,-2.6460611820220947,51.28449630737305,1.2500536441802979,0.08393260091543198,0,,,13,0.7073992490768433,1.2652812004089355,37,0.06212653964757919,37.74562454223633,0.8474425077438354,18.460546493530273,-2.6460611820220947,51.28449630737305,5034,0.8474425077438354,5034
best,seq0007,seq0007_g000007,7,1706255246.5498347,True,True,True,19.427804946899414,-3.5335233211517334,51.247371673583984,50,1.1380858421325684,1.1380858421325684,False,False,True,50,R,0.7684643268585205,1.098454475402832,19.007221221923828,-2.5193052291870117,51.28013229370117,0.030957380309700966,0.23405562341213226,0.9234440326690674,0.0,0.4149920642375946,0.6951930522918701,0.0,0.3048069477081299,10415,-1,0.0,0.0,True,19.029319763183594,-2.467479705810547,51.24746322631836,1.1380858421325684,0.06512678414583206,0,,,13,0.7684643268585205,1.098454475402832,37,0.060768142342567444,37.667415618896484,0.9234440326690674,19.029319763183594,-2.467479705810547,51.24746322631836,10415,0.9234440326690674,10415
best,seq0007,seq0007_g000008,8,1706255246.6044552,True,True,True,19.498878479003906,-3.5495316982269287,51.248512268066406,50,45.335391998291016,1.426809310913086,False,False,True,50,R,0.394275426864624,1.4387112855911255,18.481124877929688,-2.545341968536377,51.40873336791992,0.029229218140244484,0.17801137268543243,0.3884698152542114,0.0,0.4073448181152344,0.6924185752868652,0.0,0.30758148431777954,5735,-1,0.0,0.0,True,18.549747467041016,-2.4875059127807617,51.332393646240234,1.426809310913086,0.11782114207744598,0,,,13,0.394275426864624,1.4387112855911255,37,0.061153776943683624,37.5008544921875,0.3944794237613678,1.6373554468154907,-2.0318198204040527,9.607661247253418,3918,0.3884698152542114,5735
best,seq0007,seq0007_g000009,9,1706255246.6513283,True,True,True,19.64267349243164,-3.579930305480957,51.24966049194336,50,0.7260066270828247,0.7260066270828247,False,True,True,50,R,0.8321764469146729,0.7265438437461853,19.090415954589844,-3.109222412109375,51.213443756103516,0.06360374391078949,0.4586734473705292,0.9988741278648376,0.0,0.3403646945953369,0.7468559741973877,0.0,0.2531440258026123,11885,-1,0.0,0.0,True,19.091066360473633,-3.111729145050049,51.18963623046875,0.7260066270828247,0.02394796535372734,0,,,9,0.8321764469146729,0.7265438437461853,41,0.06085755303502083,37.90449523925781,0.9988741278648376,19.091066360473633,-3.111729145050049,51.18963623046875,11885,0.9988741278648376,11885
best,seq0007,seq0007_g000010,10,1706255246.7159686,True,True,True,19.719257354736328,-3.59382963180542,51.25019836425781,50,0.7426103353500366,0.7426103353500366,False,True,True,50,RV,0.44744446873664856,0.7402895092964172,19.178749084472656,-3.090249538421631,51.2023811340332,0.03925558552145958,0.1120118647813797,0.9989744424819946,0.016131365671753883,0.21829161047935486,0.41968023777008057,0.48715949058532715,0.09316018968820572,6346,3,0.049129486083984375,-0.0811273455619812,True,19.1804256439209,-3.0859487056732178,51.19374084472656,0.7426103353500366,0.009796051308512688,1,0.44744446873664856,0.7402895092964172,8,0.06008608266711235,45.50061798095703,41,0.059133097529411316,38.04216003417969,0.9989744424819946,19.1804256439209,-3.0859487056732178,51.19374084472656,6346,0.9989744424819946,6346
best,seq0007,seq0007_g000011,11,1706255246.748959,True,True,True,19.79296875,-3.606436014175415,51.25048828125,50,0.7826173305511475,0.7826173305511475,False,True,True,50,RV,0.42433813214302063,0.7787829041481018,19.22195816040039,-3.0801303386688232,51.191734313964844,0.0388086698949337,0.10926127433776855,0.9989802241325378,0.0160681065171957,0.21022021770477295,0.3982769548892975,0.5151993632316589,0.08652373403310776,13146,5,0.05152320861816406,-0.0677345022559166,True,19.22299575805664,-3.0747947692871094,51.179931640625,0.7826173305511475,0.012994153425097466,1,0.42433813214302063,0.7787829041481018,6,0.10546840727329254,46.805686950683594,43,0.06255584955215454,37.93008041381836,0.9989802241325378,19.22299575805664,-3.0747947692871094,51.179931640625,13146,0.9989802241325378,13146
best,seq0007,seq0007_g000012,12,1706255246.804272,True,True,True,19.865781784057617,-3.6186347007751465,51.25075912475586,50,0.8092143535614014,0.8092143535614014,False,True,True,50,RV,0.4343816339969635,0.8028576374053955,19.27619171142578,-3.0773401260375977,51.18779754638672,0.03848259896039963,0.10870242863893509,0.9985955357551575,0.016196953132748604,0.22934652864933014,0.4055427014827728,0.5016580820083618,0.09279920160770416,6775,3,0.03398323059082031,-0.09047602117061615,True,19.277162551879883,-3.0684587955474854,51.175514221191406,0.8092143535614014,0.015188832767307758,1,0.4343816339969635,0.8028576374053955,5,0.06104564666748047,46.79673767089844,44,0.06574585288763046,38.27193832397461,0.9985955357551575,19.277162551879883,-3.0684587955474854,51.175514221191406,6775,0.9985955357551575,6775
best,seq0007,seq0007_g000013,13,1706255246.8480144,True,True,True,19.944841384887695,-3.6312520503997803,51.252437591552734,50,0.5651171803474426,0.5651171803474426,False,True,True,50,RV,0.41656702756881714,0.5613381862640381,19.599994659423828,-3.209683418273926,51.1165657043457,0.03667459264397621,0.10185780376195908,0.997438907623291,0.01568521372973919,0.17628765106201172,0.39463362097740173,0.5216265916824341,0.0837397575378418,14076,36,0.06695175170898438,-0.03655453026294708,True,19.607818603515625,-3.200042247772217,51.11161422729492,0.5651171803474426,0.013367251493036747,1,0.41656702756881714,0.5613381862640381,4,0.06629986315965652,50.03739547729492,45,0.061374347656965256,38.257354736328125,0.997438907623291,19.607818603515625,-3.200042247772217,51.11161422729492,14076,0.997438907623291,14076
best,seq0007,seq0007_g000014,14,1706255246.9144645,True,True,True,20.020193099975586,-3.642449378967285,51.25355911254883,50,0.5435720682144165,0.5435720682144165,False,True,True,50,RV,0.40065282583236694,0.5328798294067383,19.70476722717285,-3.2396764755249023,51.10442352294922,0.03596769645810127,0.0952562615275383,0.9951693415641785,0.015951432287693024,0.18872666358947754,0.3771659731864929,0.5338529944419861,0.08898106962442398,7142,31,0.060497283935546875,-0.04337470233440399,True,19.71197509765625,-3.2247440814971924,51.09233093261719,0.5435720682144165,0.02052219584584236,1,0.40065282583236694,0.5328798294067383,6,0.0656711608171463,49.96050262451172,43,0.06026293337345123,38.058963775634766,0.9951693415641785,19.71197509765625,-3.2247440814971924,51.09233093261719,7142,0.9951693415641785,7142
best,seq0007,seq0007_g000015,15,1706255246.950048,True,True,True,20.161300659179688,-3.665764093399048,51.25680160522461,50,0.6367467641830444,0.6367467641830444,False,True,True,50,R,0.8262490034103394,0.6360416412353516,19.682083129882812,-3.25426983833313,51.18215560913086,0.04241100326180458,0.3154953122138977,0.9960474371910095,0.0,0.3643195629119873,0.73121577501297,0.0,0.2687842845916748,14853,-1,0.0,0.0,True,19.705188751220703,-3.2313475608825684,51.163578033447266,0.6367467641830444,0.03747568279504776,0,,,11,0.8262490034103394,0.6360416412353516,39,0.05951334163546562,38.12054443359375,0.9960474371910095,19.705188751220703,-3.2313475608825684,51.163578033447266,14853,0.9960474371910095,14853
best,seq0007,seq0007_g000016,16,1706255247.0040646,True,True,True,20.233654022216797,-3.678640604019165,51.257789611816406,50,0.7070083618164062,0.7070083618164062,False,True,True,50,R,0.8164441585540771,0.7041715383529663,19.71160125732422,-3.212445020675659,51.180458068847656,0.04841935634613037,0.3638807237148285,0.9969026446342468,0.0,0.3898717761039734,0.7027194499969482,0.0,0.29728055000305176,8031,-1,0.0,0.0,True,19.729028701782227,-3.193755626678467,51.15728759765625,0.7070083618164062,0.034494638442993164,0,,,9,0.8164441585540771,0.7041715383529663,41,0.06518682837486267,38.363739013671875,0.9969026446342468,19.729028701782227,-3.193755626678467,51.15728759765625,8031,0.9969026446342468,8031
best,seq0007,seq0007_g000017,17,1706255247.0503128,True,True,True,20.30982208251953,-3.6939308643341064,51.258995056152344,50,0.7017622590065002,0.7017622590065002,False,True,True,50,R,0.8295371532440186,0.6948208212852478,19.809677124023438,-3.2193350791931152,51.173030853271484,0.05069912225008011,0.37205758690834045,0.9970360994338989,0.0,0.3938088119029999,0.7223287224769592,0.0,0.2776712477207184,16748,-1,0.0,0.0,True,19.821361541748047,-3.2017509937286377,51.151126861572266,0.7017622590065002,0.030422205105423927,0,,,10,0.8295371532440186,0.6948208212852478,40,0.06405369937419891,38.17380142211914,0.9970360994338989,19.821361541748047,-3.2017509937286377,51.151126861572266,16748,0.9970360994338989,16748
best,seq0007,seq0007_g000018,18,1706255247.1147957,True,True,True,20.38452911376953,-3.7088611125946045,51.25794219970703,50,0.7341433763504028,0.7341433763504028,False,True,True,50,R,0.8328317403793335,0.7200092673301697,19.8664493560791,-3.213925838470459,51.18690872192383,0.04983188956975937,0.363418847322464,0.9970505237579346,0.0,0.4003280997276306,0.7247987389564514,0.0,0.2752012610435486,8033,-1,0.0,0.0,True,19.88096809387207,-3.1836509704589844,51.16023254394531,0.7341433763504028,0.04288332909345627,0,,,11,0.8328317403793335,0.7200092673301697,39,0.06126416474580765,38.397796630859375,0.9970505237579346,19.88096809387207,-3.1836509704589844,51.16023254394531,8033,0.9970505237579346,8033
best,seq0007,seq0007_g000019,19,1706255247.1509273,True,True,True,20.528074264526367,-3.7423949241638184,51.25753402709961,50,0.8654974699020386,0.8654974699020386,False,True,True,50,R,0.8241609334945679,0.8882778286933899,19.870641708374023,-3.1557226181030273,51.14512634277344,0.04831529036164284,0.32794344425201416,0.9977837204933167,0.0,0.3508763611316681,0.7316110134124756,0.0,0.268388956785202,16769,-1,0.0,0.0,True,19.900033950805664,-3.157599449157715,51.14499282836914,0.8654974699020386,0.029452405869960785,0,,,10,0.8241609334945679,0.8882778286933899,40,0.061119649559259415,38.4510612487793,0.9977837204933167,19.900033950805664,-3.157599449157715,51.14499282836914,16769,0.9977837204933167,16769
best,seq0007,seq0007_g000020,20,1706255247.2052257,True,True,True,20.5280818939209,-3.7423975467681885,51.257530212402344,50,0.8430434465408325,0.8430434465408325,False,True,True,50,R,0.8269752264022827,0.8583873510360718,19.917354583740234,-3.150174140930176,51.14302062988281,0.048685140907764435,0.32412970066070557,0.9979627132415771,0.0,0.3540895879268646,0.7344391345977783,0.0,0.26556089520454407,8051,-1,0.0,0.0,True,19.945310592651367,-3.144354820251465,51.141578674316406,0.8430434465408325,0.028591645881533623,0,,,10,0.8269752264022827,0.8583873510360718,40,0.06163068488240242,38.678871154785156,0.9979627132415771,19.945310592651367,-3.144354820251465,51.141578674316406,8051,0.9979627132415771,8051
best,seq0007,seq0007_g000021,21,1706255247.2496912,True,True,True,20.66734504699707,-3.78031325340271,51.25767517089844,50,0.8305341601371765,0.8305341601371765,False,True,True,50,RV,0.45651647448539734,0.824615478515625,20.101242065429688,-3.196188449859619,51.122337341308594,0.03674091026186943,0.09463720768690109,0.9963811039924622,0.01645113155245781,0.17059963941574097,0.4374108612537384,0.48841819167137146,0.07417093217372894,16777,170,0.017210006713867188,0.016354504972696304,True,20.10735511779785,-3.184445858001709,51.11227798461914,0.8305341601371765,0.016626741737127304,1,0.45651647448539734,0.824615478515625,9,0.0453038290143013,48.49018478393555,40,0.06066752225160599,38.53611373901367,0.9963811039924622,20.10735511779785,-3.184445858001709,51.11227798461914,16777,0.9963811039924622,16777
best,seq0007,seq0007_g000022,22,1706255247.3013384,True,True,True,20.738460540771484,-3.8020553588867188,51.25712966918945,50,0.832223653793335,0.832223653793335,False,True,True,50,R,0.8443593978881836,0.8284671902656555,20.16141128540039,-3.226404905319214,51.10881042480469,0.04651261493563652,0.30415162444114685,0.9965489506721497,0.0,0.3506755530834198,0.7643662691116333,0.0,0.2356337457895279,8498,-1,0.0,0.0,True,20.173913955688477,-3.210831642150879,51.10112380981445,0.832223653793335,0.02139923721551895,0,,,12,0.8443593978881836,0.8284671902656555,38,0.06753621250391006,38.36485290527344,0.9965489506721497,20.173913955688477,-3.210831642150879,51.10112380981445,8498,0.9965489506721497,8498
best,seq0007,seq0007_g000023,23,1706255247.3491237,True,True,True,20.812171936035156,-3.8264896869659424,51.25645065307617,50,0.7711626887321472,0.7711626887321472,False,True,True,50,R,0.8328972458839417,0.7587698101997375,20.261241912841797,-3.3282411098480225,51.1016731262207,0.044125914573669434,0.30078092217445374,0.9940126538276672,0.0,0.3599728047847748,0.7458906769752502,0.0,0.25410935282707214,17725,-1,0.0,0.0,True,20.26327133178711,-3.3143234252929688,51.08013916015625,0.7711626887321472,0.02572026662528515,0,,,10,0.8328972458839417,0.7587698101997375,40,0.06589954346418381,38.366729736328125,0.9940126538276672,20.26327133178711,-3.3143234252929688,51.08013916015625,17725,0.9940126538276672,17725
best,seq0007,seq0007_g000024,24,1706255247.4050398,True,True,True,20.956016540527344,-3.879204511642456,51.25544357299805,50,0.876655101776123,0.876655101776123,False,True,True,50,R,0.8344111442565918,0.8571359515190125,20.306446075439453,-3.3401544094085693,51.106563568115234,0.04297969117760658,0.2917037606239319,0.9937168955802917,0.0,0.36479541659355164,0.7467000484466553,0.0,0.2533000111579895,8504,-1,0.0,0.0,True,20.308467864990234,-3.3149757385253906,51.07979965209961,0.876655101776123,0.03680163249373436,0,,,12,0.8344111442565918,0.8571359515190125,38,0.06699076294898987,38.47828674316406,0.9937168955802917,20.308467864990234,-3.3149757385253906,51.07979965209961,8504,0.9937168955802917,8504
best,seq0007,seq0007_g000025,25,1706255247.449962,True,True,True,21.025188446044922,-3.90771222114563,51.254486083984375,50,0.5901045799255371,0.5901045799255371,False,True,True,50,R,0.8572239875793457,0.5989381074905396,20.619384765625,-3.490464925765991,51.113224029541016,0.04047655686736107,0.2775893211364746,0.9975095987319946,0.0,0.32826635241508484,0.7903817892074585,0.0,0.20961816608905792,17763,-1,0.0,0.0,True,20.659317016601562,-3.466487407684326,51.114192962646484,0.5901045799255371,0.04658803343772888,0,,,11,0.8572239875793457,0.5989381074905396,39,0.0686042308807373,38.50242614746094,0.9975095987319946,20.659317016601562,-3.466487407684326,51.114192962646484,17763,0.9975095987319946,17763
best,seq0007,seq0007_g000026,26,1706255247.5028431,True,True,True,21.092985153198242,-3.93752121925354,51.25462341308594,50,0.6330428719520569,0.6330428719520569,False,True,True,50,R,0.8538722395896912,0.6411426067352295,20.6256103515625,-3.525026798248291,51.104713439941406,0.036898281425237656,0.24083168804645538,0.9960483908653259,0.0,0.32716432213783264,0.7874428033828735,0.0,0.21255715191364288,8541,-1,0.0,0.0,True,20.673166275024414,-3.4918766021728516,51.09370040893555,0.6330428719520569,0.05900667980313301,0,,,11,0.8538722395896912,0.6411426067352295,39,0.06833375990390778,38.54714584350586,0.9960483908653259,20.673166275024414,-3.4918766021728516,51.09370040893555,8541,0.9960483908653259,8541
best,seq0007,seq0007_g000027,27,1706255247.5502517,True,True,True,21.16812515258789,-3.9720118045806885,51.25453186035156,50,0.6684309840202332,0.6684309840202332,False,True,True,50,R,0.8475083112716675,0.6695416569709778,20.68014144897461,-3.5361433029174805,51.11248779296875,0.034303583204746246,0.213265061378479,0.9940659999847412,0.0,0.32992565631866455,0.7793272137641907,0.0,0.22067280113697052,17767,-1,0.0,0.0,True,20.731075286865234,-3.493731737136841,51.09010696411133,0.6684309840202332,0.06995640695095062,0,,,10,0.8475083112716675,0.6695416569709778,40,0.06645580381155014,38.9139518737793,0.9940659999847412,20.731075286865234,-3.493731737136841,51.09010696411133,17767,0.9940659999847412,17767
best,seq0007,seq0007_g000028,28,1706255247.6041386,True,True,True,21.23709487915039,-4.006502151489258,51.2545051574707,50,0.7443932294845581,0.7443932294845581,False,True,True,50,R,0.8368778824806213,0.7508546113967896,20.65423583984375,-3.561173677444458,51.09406661987305,0.03259320184588432,0.19830457866191864,0.9905902147293091,0.0,0.33113569021224976,0.7669098973274231,0.0,0.2330901026725769,8312,-1,0.0,0.0,True,20.711421966552734,-3.517697811126709,51.057376861572266,0.7443932294845581,0.08066313713788986,0,,,9,0.8368778824806213,0.7508546113967896,41,0.06738373637199402,38.61575698852539,0.9905902147293091,20.711421966552734,-3.517697811126709,51.057376861572266,8312,0.9905902147293091,8312
best,seq0007,seq0007_g000029,29,1706255247.652602,True,True,True,21.37362289428711,-4.078951358795166,51.25407028198242,50,0.8266553282737732,0.8266553282737732,False,True,True,50,R,0.8370233774185181,0.8103896379470825,20.82302474975586,-3.5055761337280273,51.0965461730957,0.03356533870100975,0.20636101067066193,0.9934294819831848,0.0,0.3547343611717224,0.7551161050796509,0.0,0.24488390982151031,17277,-1,0.0,0.0,True,20.874000549316406,-3.4486663341522217,51.063079833984375,0.8266553282737732,0.08341015130281448,0,,,9,0.8370233774185181,0.8103896379470825,41,0.0632622241973877,38.95327377319336,0.9934294819831848,20.874000549316406,-3.4486663341522217,51.063079833984375,17277,0.9934294819831848,17277
best,seq0007,seq0007_g000030,30,1706255247.7089446,True,True,True,21.439077377319336,-4.116771221160889,51.25368881225586,50,0.9323357939720154,0.9323357939720154,False,True,True,50,R,0.8475314378738403,0.9263747930526733,20.763099670410156,-3.488408327102661,51.17378616333008,0.03329238295555115,0.21367767453193665,0.9935265779495239,0.0,0.3464772701263428,0.7743678092956543,0.0,0.2256322205066681,8495,-1,0.0,0.0,True,20.81849479675293,-3.4297802448272705,51.143367767333984,0.9323357939720154,0.08620412647724152,0,,,10,0.8475314378738403,0.9263747930526733,40,0.0696321576833725,38.703636169433594,0.9935265779495239,20.81849479675293,-3.4297802448272705,51.143367767333984,8495,0.9935265779495239,8495
best,seq0007,seq0007_g000031,31,1706255247.749907,True,True,True,21.50403594970703,-4.155229568481445,51.25444793701172,50,0.7087014317512512,0.7087014317512512,False,True,True,50,R,0.8585466146469116,0.6972869038581848,21.096670150756836,-3.6206953525543213,51.06861114501953,0.05405726283788681,0.3967002034187317,0.9976698756217957,0.0,0.36675530672073364,0.7794896364212036,0.0,0.220510333776474,17509,-1,0.0,0.0,True,21.10915756225586,-3.5974884033203125,51.066688537597656,0.7087014317512512,0.026423368602991104,0,,,10,0.8585466146469116,0.6972869038581848,40,0.0678277537226677,38.62028121948242,0.9976698756217957,21.10915756225586,-3.5974884033203125,51.066688537597656,17509,0.9976698756217957,17509
last,seq0007,seq0007_g000000,0,1706255246.2042434,False,True,True,18.865446090698242,-3.374746084213257,51.236236572265625,0,,,False,False,False,48,V,0.3496875762939453,37.18162536621094,2.190136432647705,-8.717080116271973,18.435827255249023,0.3796064853668213,0.0036880101542919874,0.0,0.26968833804130554,0.4537465274333954,0.0,0.5653589367866516,0.434641033411026,-1,74,0.0,0.0,False,,,,,,0,,,0,,,48,0.3496875762939453,37.18162536621094,,,,,,,
last,seq0007,seq0007_g000001,1,1706255246.250483,True,True,True,18.93038558959961,-3.396737813949585,51.23839569091797,5,1.0004138946533203,1.0004138946533203,False,False,True,49,RV,0.1732950657606125,0.9045117497444153,18.236270904541016,-2.816784143447876,51.23850631713867,0.5856130123138428,0.07501732558012009,0.07031243294477463,0.722909688949585,0.019085004925727844,0.6021300554275513,0.17527729272842407,0.22259266674518585,4,2,0.0,-0.10641311854124069,True,18.292041778564453,-2.632502555847168,51.14201354980469,1.0004138946533203,0.21536237001419067,2,0.1732950657606125,0.9045117497444153,2,0.023120516911149025,47.92241287231445,45,0.030555283650755882,38.30784606933594,0.07031243294477463,18.292041778564453,-2.632502555847168,51.14201354980469,4,0.07031243294477463,4
last,seq0007,seq0007_g000002,2,1706255246.316956,True,True,True,18.99923324584961,-3.41829776763916,51.23963165283203,50,47.93890380859375,1.074860692024231,False,False,True,50,R,0.5818295478820801,47.878578186035156,-0.17810043692588806,0.8382812738418579,7.576493263244629,0.12395576387643814,0.3066844046115875,0.8392044305801392,0.0,0.09242498129606247,0.6553535461425781,0.0,0.34464648365974426,1556,-1,0.0,0.0,True,-0.150868758559227,0.8926144242286682,7.503742218017578,47.93890380859375,0.09479646384716034,3,0.5650018453598022,1.053299069404602,22,0.5818295478820801,47.878578186035156,25,0.05614980310201645,37.75291061401367,0.8392044305801392,-0.150868758559227,0.8926144242286682,7.503742218017578,1556,0.7696758508682251,2548
last,seq0007,seq0007_g000003,3,1706255246.3488917,True,True,True,19.06656837463379,-3.438742160797119,51.240230560302734,50,47.97909927368164,1.139431357383728,False,False,True,50,R,0.5608009696006775,47.92176818847656,-0.20400792360305786,0.8373409509658813,7.572670936584473,0.0945543423295021,0.2533569931983948,0.808772623538971,0.0,0.0890306755900383,0.6554714441299438,0.0,0.34452855587005615,4242,-1,0.0,0.0,True,-0.1644744575023651,0.9058302640914917,7.499109745025635,47.97909927368164,0.10800430178642273,5,0.4898372292518616,1.112493634223938,9,0.5608009696006775,47.92176818847656,36,0.44224390387535095,36.77386474609375,0.808772623538971,-0.1644744575023651,0.9058302640914917,7.499109745025635,4242,0.7408185005187988,5234
last,seq0007,seq0007_g000004,4,1706255246.4044943,True,True,True,19.209299087524414,-3.479526996612549,51.2442512512207,50,1.1799007654190063,1.1799007654190063,False,False,True,50,RV,0.4847933053970337,1.0696805715560913,18.550817489624023,-2.6459715366363525,51.11853790283203,0.6678860187530518,0.24066777527332306,0.7101291418075562,0.6513211727142334,0.09817320853471756,0.3793601095676422,0.27925336360931396,0.34138649702072144,5023,2,0.0,-0.02128630504012108,True,18.59650421142578,-2.4930639266967773,51.03559112548828,1.1799007654190063,0.17985600233078003,3,0.4847933053970337,1.0696805715560913,15,0.4340198040008545,47.8604621887207,32,0.38096219301223755,36.441226959228516,0.7101291418075562,18.59650421142578,-2.4930639266967773,51.03559112548828,5023,0.7101291418075562,5023
last,seq0007,seq0007_g000005,5,1706255246.4504945,True,True,True,19.283246994018555,-3.49849534034729,51.2449951171875,50,44.9189338684082,1.022682785987854,False,False,True,50,V,0.7215747833251953,36.80996322631836,2.492326498031616,-8.115669250488281,18.814756393432617,0.770237922668457,0.013355971314013004,0.0,0.8383957147598267,0.7029561996459961,0.0,0.1374676674604416,0.8625323176383972,-1,0,0.0,0.0,False,,,,,,2,0.17962950468063354,0.7583558559417725,19,0.5471678972244263,44.94704055786133,29,0.7215747833251953,36.80996322631836,0.9163545370101929,0.5434399843215942,-0.1586906611919403,10.558687210083008,8685,0.4723590314388275,10400
last,seq0007,seq0007_g000006,6,1706255246.502648,True,True,True,19.3570499420166,-3.516385316848755,51.246395111083984,50,44.913002014160156,1.0675336122512817,False,False,True,50,V,0.7404144406318665,36.87888717651367,2.5210137367248535,-8.131792068481445,18.76104164123535,0.7808447480201721,0.015551530756056309,0.0,0.8621461391448975,0.7214581966400146,0.0,0.13473984599113464,0.865260124206543,-1,2,0.0,0.0,False,,,,,,2,0.026806555688381195,47.07566833496094,17,0.5643571019172668,44.9487419128418,31,0.7404144406318665,36.87888717651367,0.9327266812324524,0.5795034766197205,-0.08450332283973694,10.591704368591309,3320,0.3219974637031555,5035
last,seq0007,seq0007_g000007,7,1706255246.5498347,True,True,True,19.427804946899414,-3.5335233211517334,51.247371673583984,50,45.299705505371094,1.177517294883728,False,False,True,50,V,0.5538994073867798,36.817115783691406,2.3626513481140137,-8.334547996520996,18.97926902770996,0.6480793952941895,0.007321257144212723,0.0,0.6261792182922363,0.5050966143608093,0.0,0.4030538499355316,0.5969461798667908,-1,0,0.0,0.0,False,,,,,,5,0.1126210168004036,52.11928939819336,12,0.49349549412727356,45.29937744140625,33,0.5538994073867798,36.817115783691406,0.8339556455612183,0.6187148690223694,-0.032058775424957275,10.186180114746094,8700,0.33257102966308594,10416
last,seq0007,seq0007_g000008,8,1706255246.6044552,True,True,True,19.498878479003906,-3.5495316982269287,51.248512268066406,50,45.455867767333984,1.5604084730148315,False,False,True,50,V,0.6881067156791687,36.92689895629883,2.5496339797973633,-8.040485382080078,18.750045776367188,0.775107204914093,0.014219764620065689,0.0,0.8411403894424438,0.6565870046615601,0.0,0.17078916728496552,0.8292107582092285,-1,0,0.0,0.0,False,,,,,,4,0.140654057264328,1.393003225326538,14,0.3663296401500702,45.509368896484375,32,0.6881067156791687,36.92689895629883,0.601966142654419,0.34767815470695496,-0.18909764289855957,10.161107063293457,3838,0.05700189620256424,5736
last,seq0007,seq0007_g000009,9,1706255246.6513283,True,True,True,19.64267349243164,-3.579930305480957,51.24966049194336,50,0.8904426097869873,0.8904426097869873,False,True,True,50,V,0.5619450807571411,37.05364227294922,2.3888285160064697,-8.453636169433594,18.822446823120117,0.6883339285850525,0.009089755825698376,0.0,0.6146502494812012,0.5420055985450745,0.0,0.27447861433029175,0.725521445274353,-1,4,0.0,0.0,False,,,,,,5,0.15402044355869293,0.8573793172836304,11,0.02675108052790165,47.837432861328125,34,0.5619450807571411,37.05364227294922,0.9973371624946594,18.965740203857422,-3.007457733154297,51.3328742980957,11885,0.9973371624946594,11885
last,seq0007,seq0007_g000010,10,1706255246.7159686,True,True,True,19.719257354736328,-3.59382963180542,51.25019836425781,50,0.9410173892974854,0.9410173892974854,False,True,True,50,RV,0.775253415107727,0.9394986033439636,18.975112915039062,-3.0314855575561523,51.36278533935547,0.830838143825531,0.4455231726169586,0.997244119644165,0.8947573900222778,0.4704851806163788,0.5108330249786377,0.08410266041755676,0.40506428480148315,6346,2,0.0,-0.17014481127262115,True,18.982358932495117,-3.0134899616241455,51.32569885253906,0.9410173892974854,0.04185395687818527,1,0.775253415107727,0.9394986033439636,27,0.1690090000629425,45.676361083984375,22,0.19378115236759186,37.80057144165039,0.997244119644165,18.982358932495117,-3.0134899616241455,51.32569885253906,6346,0.997244119644165,6346
last,seq0007,seq0007_g000011,11,1706255246.748959,True,True,True,19.79296875,-3.606436014175415,51.25048828125,50,0.9968946576118469,0.9968946576118469,False,True,True,50,V,0.6540814638137817,37.09812927246094,2.4298017024993896,-8.108924865722656,18.77712631225586,0.7415125370025635,0.013081072829663754,0.0,0.8386331796646118,0.5708896517753601,0.0,0.3107145130634308,0.6892855167388916,-1,2,0.0,0.0,False,,,,,,2,0.03923090919852257,0.9873189330101013,15,0.6045279502868652,46.54500198364258,33,0.6540814638137817,37.09812927246094,0.997733473777771,19.015460968017578,-2.9877285957336426,51.330997467041016,13146,0.997733473777771,13146
last,seq0007,seq0007_g000012,12,1706255246.804272,True,True,True,19.865781784057617,-3.6186347007751465,51.25075912475586,50,0.985841691493988,0.985841691493988,False,True,True,50,V,0.786290168762207,37.205833435058594,2.5966339111328125,-7.967496395111084,18.58367919921875,0.8389359712600708,0.021298708394169807,0.0,0.9117823243141174,0.7740007042884827,0.0,0.08919506520032883,0.9108049273490906,-1,2,0.0,0.0,False,,,,,,1,0.5493865609169006,0.9672312140464783,26,0.4441405236721039,46.63810348510742,23,0.786290168762207,37.205833435058594,0.9972629547119141,19.091875076293945,-3.0113723278045654,51.31544876098633,6775,0.9972629547119141,6775
last,seq0007,seq0007_g000013,13,1706255246.8480144,True,True,True,19.944841384887695,-3.6312520503997803,51.252437591552734,50,0.8907145857810974,0.8907145857810974,False,True,True,50,V,0.7685604095458984,37.35169219970703,2.536715507507324,-7.983890533447266,18.493303298950195,0.8319689631462097,0.021321870386600494,0.0,0.90125572681427,0.7520996928215027,0.0,0.11035899072885513,0.8896409869194031,-1,0,0.0,0.0,False,,,,,,2,0.08579860627651215,0.8284178376197815,22,0.22929853200912476,46.8751106262207,26,0.7685604095458984,37.35169219970703,0.996408998966217,19.21204948425293,-3.125091075897217,51.238670349121094,14064,0.996408998966217,14064
last,seq0007,seq0007_g000014,14,1706255246.9144645,True,True,True,20.020193099975586,-3.642449378967285,51.25355911254883,50,0.8334344625473022,0.8334344625473022,False,True,True,50,RV,0.8868608474731445,0.7928451299667358,19.333730697631836,-3.2460975646972656,51.23688507080078,0.8908811211585999,0.4804629981517792,0.991792619228363,0.9150322079658508,0.8073378205299377,0.4038918614387512,0.046643324196338654,0.5494648218154907,7130,0,0.0,-0.2019110918045044,True,19.316503524780273,-3.202361822128296,51.17768478393555,0.8334344625473022,0.0755927562713623,3,0.8868608474731445,0.7928451299667358,30,0.022590696811676025,55.0681037902832,17,0.010476741939783096,39.78624725341797,0.991792619228363,19.316503524780273,-3.202361822128296,51.17768478393555,7130,0.991792619228363,7130
last,seq0007,seq0007_g000015,15,1706255246.950048,True,True,True,20.161300659179688,-3.665764093399048,51.25680160522461,50,0.7136801481246948,0.7136801481246948,False,True,True,50,RV,0.8169770240783691,0.7054505348205566,19.55193519592285,-3.317969799041748,51.33010482788086,0.8640075922012329,0.41575443744659424,0.984882652759552,0.9049191474914551,0.6056281924247742,0.5145845413208008,0.05409572273492813,0.4313197433948517,14853,0,0.006473541259765625,-0.20103579759597778,True,19.573211669921875,-3.2617974281311035,51.274169921875,0.7136801481246948,0.08207762986421585,3,0.8169770240783691,0.7054505348205566,24,0.028688346967101097,46.980323791503906,23,0.01622553914785385,39.39076614379883,0.984882652759552,19.573211669921875,-3.2617974281311035,51.274169921875,14853,0.984882652759552,14853
last,seq0007,seq0007_g000016,16,1706255247.0040646,True,True,True,20.233654022216797,-3.678640604019165,51.257789611816406,50,0.809337854385376,0.809337854385376,False,True,True,50,V,0.7981007099151611,37.4415283203125,2.5597872734069824,-8.022180557250977,18.537212371826172,0.8282381296157837,0.02292199619114399,0.0,0.9115996956825256,0.7884272336959839,0.0,0.07853598892688751,0.9214639663696289,-1,0,0.0,0.0,False,,,,,,3,0.06483656913042068,0.7704535722732544,31,0.02423776127398014,55.210662841796875,16,0.7981007099151611,37.4415283203125,0.9885446429252625,19.560274124145508,-3.2298412322998047,51.27069091796875,8031,0.9885446429252625,8031
last,seq0007,seq0007_g000017,17,1706255247.0503128,True,True,True,20.30982208251953,-3.6939308643341064,51.258995056152344,50,0.8502762913703918,0.8502762913703918,False,True,True,50,V,0.8151440620422363,37.55802536010742,2.5987980365753174,-8.0365571975708,18.425073623657227,0.8416886329650879,0.02510705590248108,0.0,0.9178772568702698,0.8076089024543762,0.0,0.0683344230055809,0.9316655993461609,-1,0,0.0,0.0,False,,,,,,2,0.7898510098457336,0.8398821353912354,31,0.023226561024785042,55.229427337646484,17,0.8151440620422363,37.55802536010742,0.9913418889045715,19.675477981567383,-3.134533405303955,51.1715202331543,16763,0.9913418889045715,16763
last,seq0007,seq0007_g000018,18,1706255247.1147957,True,True,True,20.38452911376953,-3.7088611125946045,51.25794219970703,50,0.891558825969696,0.891558825969696,False,True,True,50,RV,0.7529931664466858,0.8802745342254639,19.66511344909668,-3.2059192657470703,51.19180679321289,0.8493457436561584,0.4008942246437073,0.992946207523346,0.9174587726593018,0.5093864798545837,0.4703412652015686,0.039621930569410324,0.4900367558002472,8048,0,0.0,-0.23012156784534454,True,19.69576072692871,-3.1517181396484375,51.15760803222656,0.891558825969696,0.07103923708200455,2,0.7529931664466858,0.8802745342254639,27,0.022404232993721962,55.259483337402344,21,0.01607889123260975,39.26569366455078,0.992946207523346,19.69576072692871,-3.1517181396484375,51.15760803222656,8048,0.992946207523346,8048
last,seq0007,seq0007_g000019,19,1706255247.1509273,True,True,True,20.528074264526367,-3.7423949241638184,51.25753402709961,50,0.976983368396759,0.976983368396759,False,True,True,50,RV,0.7382028102874756,0.9731398224830627,19.698068618774414,-3.234503746032715,51.24577331542969,0.8573733568191528,0.4078730344772339,0.9933964014053345,0.9059545397758484,0.4011160731315613,0.527241051197052,0.049148861318826675,0.4236100912094116,16769,0,0.0,-0.2152232527732849,True,19.72432518005371,-3.1888065338134766,51.212547302246094,0.976983368396759,0.062302567064762115,3,0.7382028102874756,0.9731398224830627,23,0.01992969401180744,55.329612731933594,24,0.017362065613269806,40.8519401550293,0.9933964014053345,19.72432518005371,-3.1888065338134766,51.212547302246094,16769,0.9933964014053345,16769
last,seq0007,seq0007_g000020,20,1706255247.2052257,True,True,True,20.5280818939209,-3.7423975467681885,51.257530212402344,50,0.9427811503410339,0.9427811503410339,False,True,True,50,RV,0.7631604671478271,0.9327259063720703,19.729677200317383,-3.260298252105713,51.24714279174805,0.8662335276603699,0.42456769943237305,0.9936946034431458,0.9197824597358704,0.4828720688819885,0.5144379734992981,0.040058210492134094,0.445503830909729,8051,0,0.0,-0.23499038815498352,True,19.751075744628906,-3.2102913856506348,51.21324920654297,0.9427811503410339,0.06408868730068207,1,0.7631604671478271,0.9327259063720703,29,0.019639555364847183,55.33452224731445,20,0.01676039956510067,40.156707763671875,0.9936946034431458,19.751075744628906,-3.2102913856506348,51.21324920654297,8051,0.9936946034431458,8051
last,seq0007,seq0007_g000021,21,1706255247.2496912,True,True,True,20.66734504699707,-3.78031325340271,51.25767517089844,50,0.9469096064567566,0.9469096064567566,False,True,True,50,RV,0.7734193205833435,0.9334630370140076,19.86956214904785,-3.2978315353393555,51.21177291870117,0.8601914048194885,0.3950032889842987,0.9835241436958313,0.9011327624320984,0.3733595609664917,0.6251406073570251,0.0352824330329895,0.3395770192146301,16777,0,0.0,-0.16766506433486938,True,19.894453048706055,-3.2387330532073975,51.1804313659668,0.9469096064567566,0.07137563079595566,1,0.7734193205833435,0.9334630370140076,27,0.016746699810028076,49.80927276611328,22,0.020306076854467392,39.42721939086914,0.9835241436958313,19.894453048706055,-3.2387330532073975,51.1804313659668,16777,0.9835241436958313,16777
last,seq0007,seq0007_g000022,22,1706255247.3013384,True,True,True,20.738460540771484,-3.8020553588867188,51.25712966918945,50,0.9109899401664734,0.9109899401664734,False,True,True,50,V,0.7313077449798584,37.602054595947266,2.5229904651641846,-8.203340530395508,18.657440185546875,0.7942518591880798,0.01756870001554489,0.0,0.8780040740966797,0.7003820538520813,0.0,0.17410968244075775,0.825890302658081,-1,2,0.0,0.0,False,,,,,,2,0.7041507959365845,0.8888316750526428,23,0.01971813663840294,55.41317367553711,25,0.7313077449798584,37.602054595947266,0.9861308932304382,19.984914779663086,-3.292654514312744,51.20631408691406,8498,0.9861308932304382,8498
last,seq0007,seq0007_g000023,23,1706255247.3491237,True,True,True,20.812171936035156,-3.8264896869659424,51.25645065307617,50,0.867263913154602,0.867263913154602,False,True,True,50,RV,0.5865127444267273,0.840203046798706,20.055185317993164,-3.465766191482544,51.20362091064453,0.7887959480285645,0.33840906620025635,0.9752417206764221,0.0711887776851654,0.4383374750614166,0.4619041383266449,0.2718872129917145,0.266208678483963,17725,18,0.035678863525390625,-0.006667092442512512,True,20.09507179260254,-3.348039150238037,51.16158676147461,0.867263913154602,0.13121530413627625,3,0.5865127444267273,0.840203046798706,14,0.038367196917533875,49.48873519897461,33,0.5681189298629761,37.50653839111328,0.9752417206764221,20.09507179260254,-3.348039150238037,51.16158676147461,17725,0.9752417206764221,17725
last,seq0007,seq0007_g000024,24,1706255247.4050398,True,True,True,20.956016540527344,-3.879204511642456,51.25544357299805,50,0.9683097004890442,0.9683097004890442,False,True,True,50,V,0.6969088315963745,37.6523323059082,2.3575124740600586,-8.196011543273926,18.80303192138672,0.7305644154548645,0.013886816799640656,0.0,0.8354886174201965,0.6524237990379333,0.0,0.24300149083137512,0.7569985389709473,-1,0,0.0,0.0,False,,,,,,3,0.06454944610595703,0.9220797419548035,18,0.03141631558537483,49.52222442626953,29,0.6969088315963745,37.6523323059082,0.9735748171806335,20.13443946838379,-3.374140739440918,51.1685791015625,8504,0.9735748171806335,8504
last,seq0007,seq0007_g000025,25,1706255247.449962,True,True,True,21.025188446044922,-3.90771222114563,51.254486083984375,50,0.7019541263580322,0.7019541263580322,False,True,True,50,V,0.7016924023628235,37.74435806274414,2.447646379470825,-8.108590126037598,18.66822624206543,0.7448475956916809,0.016612377017736435,0.0,0.8594537377357483,0.6563650965690613,0.0,0.2231898456811905,0.7768101096153259,-1,2,0.0,0.0,False,,,,,,2,0.2507835328578949,0.6650165915489197,20,0.027702733874320984,49.57606506347656,28,0.7016924023628235,37.74435806274414,0.9916919469833374,20.53066635131836,-3.416559934616089,51.171077728271484,17763,0.9916919469833374,17763
last,seq0007,seq0007_g000026,26,1706255247.5028431,True,True,True,21.092985153198242,-3.93752121925354,51.25462341308594,50,0.7305388450622559,0.7305388450622559,False,True,True,50,V,0.7654074430465698,37.75983428955078,2.5419487953186035,-7.953488826751709,18.612071990966797,0.7997589707374573,0.022696705535054207,0.0,0.8968734741210938,0.7468456029891968,0.0,0.1237226203083992,0.8762773871421814,-1,2,0.0,0.0,False,,,,,,2,0.0138392373919487,0.6660420894622803,22,0.025633729994297028,49.496822357177734,26,0.7654074430465698,37.75983428955078,0.9848281741142273,20.533578872680664,-3.473809242248535,51.17897415161133,8541,0.9848281741142273,8541
last,seq0007,seq0007_g000027,27,1706255247.5502517,True,True,True,21.16812515258789,-3.9720118045806885,51.25453186035156,50,0.7361606359481812,0.7361606359481812,False,True,True,50,V,0.7522028088569641,37.885459899902344,2.5113511085510254,-8.03869342803955,18.53305435180664,0.7867223620414734,0.02006562240421772,0.0,0.89065021276474,0.7324173450469971,0.0,0.1250399351119995,0.8749600648880005,-1,2,0.0,0.0,False,,,,,,1,0.010227134451270103,0.6556971073150635,22,0.025837881490588188,45.4556884765625,27,0.7522028088569641,37.885459899902344,0.9769392609596252,20.60913848876953,-3.5065808296203613,51.14121627807617,17767,0.9769392609596252,17767
last,seq0007,seq0007_g000028,28,1706255247.6041386,True,True,True,21.23709487915039,-4.006502151489258,51.2545051574707,50,0.803839921951294,0.803839921951294,False,True,True,50,V,0.6057989001274109,37.78367614746094,2.2442355155944824,-8.32948112487793,18.878753662109375,0.6240992546081543,0.00862396601587534,0.0,0.7174375653266907,0.5186238288879395,0.0,0.4384762644767761,0.5615236759185791,-1,0,0.0,0.0,False,,,,,,1,0.045528486371040344,0.7504864931106567,8,0.020986512303352356,55.59004211425781,41,0.6057989001274109,37.78367614746094,0.9703676700592041,20.601043701171875,-3.532900810241699,51.12297821044922,8312,0.9703676700592041,8312
last,seq0007,seq0007_g000029,29,1706255247.652602,True,True,True,21.37362289428711,-4.078951358795166,51.25407028198242,50,0.8506225347518921,0.8506225347518921,False,True,True,50,RV,0.7485679388046265,0.7735983729362488,20.735170364379883,-3.645376443862915,51.20072555541992,0.7678630352020264,0.5231634378433228,0.9753261804580688,0.012422943487763405,0.7336400747299194,0.5139150619506836,0.15151920914649963,0.3345657289028168,17277,100,0.0,0.12955302000045776,True,20.736326217651367,-3.5378575325012207,51.09713363647461,0.8506225347518921,0.1493082046508789,2,0.7485679388046265,0.7735983729362488,20,0.024632293730974197,80.46111297607422,28,0.7459172010421753,37.97789001464844,0.9753261804580688,20.736326217651367,-3.5378575325012207,51.09713363647461,17277,0.9753261804580688,17277
last,seq0007,seq0007_g000030,30,1706255247.7089446,True,True,True,21.439077377319336,-4.116771221160889,51.25368881225586,50,0.9907856583595276,0.9907856583595276,False,True,True,50,V,0.7039790153503418,37.99256896972656,2.5143849849700928,-8.0895357131958,18.550352096557617,0.7843914031982422,0.020890936255455017,0.0,0.8385114669799805,0.6820706725120544,0.0,0.14004231989383698,0.8599576950073242,-1,0,0.0,0.0,False,,,,,,3,0.5037527084350586,0.9473267793655396,16,0.0194659736007452,55.65237808227539,31,0.7039790153503418,37.99256896972656,0.9756754636764526,20.638099670410156,-3.535038948059082,51.21271896362305,8495,0.9756754636764526,8495
last,seq0007,seq0007_g000031,31,1706255247.749907,True,True,True,21.50403594970703,-4.155229568481445,51.25444793701172,50,0.7082210183143616,0.7082210183143616,False,True,True,50,R,0.6872942447662354,0.6732887029647827,21.061126708984375,-3.6630284786224365,51.1324348449707,0.24653641879558563,0.876641035079956,0.9800209403038025,0.0,0.1889888197183609,0.6299433708190918,0.0,0.3700565993785858,17509,-1,0.0,0.0,True,21.02569007873535,-3.650723457336426,51.119407653808594,0.7082210183143616,0.039709899574518204,4,0.16661743819713593,1.61689293384552,16,0.6872942447662354,0.6732887029647827,30,0.04872183874249458,38.57469177246094,0.9800209403038025,21.02569007873535,-3.650723457336426,51.119407653808594,17509,0.9800209403038025,17509
