variant,epoch,train_center_l1,mean_center_error_px,median_center_error_px,p_error_lt_2px,p_error_lt_4px,p_error_lt_8px,center_l1_loss,samples,is_best,epochs_without_improvement,elapsed_seconds
full_rdq,1,0.08890001534018666,46.10785675048828,49.07090759277344,0.004819277208298445,0.012048192322254181,0.01927710883319378,0.07955684351274767,415,1,0,64.64541771099903
full_rdq,2,0.06801986985374242,42.9406623840332,37.45518493652344,0.004819277208298445,0.00963855441659689,0.026506023481488228,0.07685352481273283,415,1,0,125.17962113302201
full_rdq,3,0.06405270035611466,41.852787017822266,35.883277893066406,0.004819277208298445,0.012048192322254181,0.033734939992427826,0.07468791722533215,415,1,0,182.81340338801965
full_rdq,4,0.05868491707951762,41.89957046508789,35.93971633911133,0.0,0.0,0.028915662318468094,0.07428585727171726,415,0,1,240.94542403204832
full_rdq,5,0.050544533994980156,35.530731201171875,33.53944778442383,0.014457831159234047,0.040963854640722275,0.0746987983584404,0.06225186216543956,415,1,0,298.59267734503374
full_rdq,6,0.04100809624651447,36.95439910888672,30.470090866088867,0.028915662318468094,0.040963854640722275,0.07710843533277512,0.06538307200892862,415,0,1,357.0735589960823
full_rdq,7,0.03387284072232433,41.59049606323242,41.20158004760742,0.0,0.0,0.048192769289016724,0.07118518876742168,415,0,2,414.98412614897825
full_rdq,8,0.02843953564297408,37.073299407958984,36.58470153808594,0.004819277208298445,0.01927710883319378,0.10602409392595291,0.06307661828685956,415,0,3,472.97290583502036
full_rdq,9,0.02625116190756671,35.61592102050781,32.704044342041016,0.0024096386041492224,0.0072289155796170235,0.0746987983584404,0.062486334890127185,415,0,4,532.0976379379863
full_rdq,10,0.02530597007717006,39.699981689453125,35.627079010009766,0.0024096386041492224,0.012048192322254181,0.06746987998485565,0.06927530718855111,415,0,5,589.9789929430699
full_rdq,11,0.025821077622822486,35.252838134765625,35.478939056396484,0.0024096386041492224,0.06746987998485565,0.1807228922843933,0.06021812267332192,415,1,0,647.1522411640035
full_rdq,12,0.024431261874269694,32.60752487182617,29.42051124572754,0.0,0.01927710883319378,0.13975903391838074,0.05686813830341919,415,1,0,705.1707049780525
full_rdq,13,0.024414017592789605,33.633121490478516,30.799785614013672,0.0024096386041492224,0.00963855441659689,0.06987951695919037,0.05878186480826642,415,0,1,762.9113720339956
full_rdq,14,0.023670237947953865,33.86919403076172,35.24053955078125,0.0,0.012048192322254181,0.040963854640722275,0.057173129988003925,415,0,2,819.7820509179728
full_rdq,15,0.020364904557936825,35.405704498291016,37.08855438232422,0.0072289155796170235,0.01927710883319378,0.0891566276550293,0.060502864680735464,415,0,3,877.0475489100209
full_rdq,16,0.020712643396109343,35.66785430908203,34.132869720458984,0.0,0.0,0.03132530301809311,0.06306604281606444,415,0,4,934.0737721869955
full_rdq,17,0.020632354862755165,37.33175277709961,34.282588958740234,0.016867469996213913,0.028915662318468094,0.06265060603618622,0.06510887246534049,415,0,5,990.4186089329887
full_rdq,18,0.018842176999896765,34.20435333251953,32.87300491333008,0.0,0.0,0.021686747670173645,0.05987036966954369,415,0,6,1047.41310406907
full_rdq,19,0.019805396237643436,38.7750129699707,35.679351806640625,0.0,0.0072289155796170235,0.024096384644508362,0.06579584965863859,415,0,7,1104.3550395000493
full_rdq,20,0.018102060945238918,39.50142288208008,39.73542404174805,0.0072289155796170235,0.016867469996213913,0.04578313231468201,0.06743070641195918,415,0,8,1160.4931204000022
full_rdq,21,0.01780165954551194,39.132049560546875,37.33698654174805,0.0,0.0,0.004819277208298445,0.06926778543246798,415,0,9,1218.5341994849732
full_rdq,22,0.017779504996724427,34.57646179199219,34.331241607666016,0.0072289155796170235,0.03614457696676254,0.09638553857803345,0.06055711659950664,415,0,10,1276.5488363610348
full_rdq,23,0.017574813740793616,34.770389556884766,30.130884170532227,0.0,0.0024096386041492224,0.033734939992427826,0.06144061716924231,415,0,11,1334.472680817009
full_rdq,24,0.01759272036724724,41.55277633666992,39.58817672729492,0.0,0.0072289155796170235,0.03855421766638756,0.07209832863994392,415,0,12,1392.9144750220003
full_rdq,25,0.0187718653032789,36.08669662475586,34.61236572265625,0.0024096386041492224,0.012048192322254181,0.03855421766638756,0.061068937110613626,415,0,13,1451.5066484840354
full_rdq,26,0.0186665533692576,37.91072082519531,33.245018005371094,0.0024096386041492224,0.004819277208298445,0.053012046962976456,0.06444223148815603,415,0,14,1509.4371862320695
full_rdq,27,0.01691808561736252,38.301734924316406,34.68203353881836,0.0,0.00963855441659689,0.03614457696676254,0.06611479051321385,415,0,15,1567.6741022070637
no_radar_skip,1,0.08654656779253855,46.36211395263672,49.17058181762695,0.0024096386041492224,0.004819277208298445,0.12530121207237244,0.07998419581766589,415,1,0,60.15151471097488
no_radar_skip,2,0.06813439459074289,43.379295349121094,39.29350662231445,0.0,0.0024096386041492224,0.028915662318468094,0.07797417735838029,415,1,0,120.6392769869417
no_radar_skip,3,0.06389561254763976,44.35157775878906,42.8659553527832,0.0,0.0,0.004819277208298445,0.07752544872732048,415,0,1,180.50529587001074
no_radar_skip,4,0.059348784387111664,39.48501205444336,31.44280433654785,0.0024096386041492224,0.004819277208298445,0.040963854640722275,0.06949387598468597,415,1,0,241.12812613602728
no_radar_skip,5,0.05490959924645722,39.447200775146484,38.81590270996094,0.0,0.0,0.026506023481488228,0.0687342778566372,415,1,0,301.1759232849581
no_radar_skip,6,0.04156674770638347,33.144287109375,31.095787048339844,0.012048192322254181,0.026506023481488228,0.0891566276550293,0.0580367587237473,415,1,0,360.8079853740055
no_radar_skip,7,0.038346593879396096,37.99528121948242,34.896141052246094,0.0,0.0,0.014457831159234047,0.06065017044185156,415,0,1,420.7199786709389
no_radar_skip,8,0.03341753481072374,35.564537048339844,34.16294479370117,0.026506023481488228,0.033734939992427826,0.09638553857803345,0.06166637222091836,415,0,2,480.1759079239564
no_radar_skip,9,0.029101584455929697,35.89509201049805,33.10782241821289,0.0,0.0,0.0024096386041492224,0.06348919028259185,415,0,3,539.4899063439807
no_radar_skip,10,0.029653414370841347,37.244529724121094,34.392086029052734,0.0,0.0072289155796170235,0.033734939992427826,0.0651681980275246,415,0,4,599.4385540200165
no_radar_skip,11,0.030442264425801113,33.44239044189453,33.21500015258789,0.00963855441659689,0.028915662318468094,0.0602409653365612,0.05705471523554928,415,0,5,658.9017980099889
no_radar_skip,12,0.029675458135898225,37.66660690307617,40.27781677246094,0.004819277208298445,0.0746987983584404,0.14457830786705017,0.06521951757281659,415,0,6,718.5934592479607
no_radar_skip,13,0.025790518207941204,34.79220962524414,27.987167358398438,0.0,0.016867469996213913,0.08674699068069458,0.06195789259600352,415,0,7,778.2522101859795
no_radar_skip,14,0.026502955952310003,37.38810348510742,33.23889923095703,0.004819277208298445,0.021686747670173645,0.06987951695919037,0.06490671343832131,415,0,8,838.5247234359849
no_radar_skip,15,0.02576031857461203,32.8138313293457,29.46300506591797,0.014457831159234047,0.033734939992427826,0.07710843533277512,0.05719444846891495,415,1,0,897.9110279619927
no_radar_skip,16,0.023109268528060056,38.01727294921875,39.00625991821289,0.004819277208298445,0.012048192322254181,0.03614457696676254,0.06545194211494491,415,0,1,957.2821290809661
no_radar_skip,17,0.02313329502067063,34.398460388183594,29.42616844177246,0.0,0.0,0.016867469996213913,0.06046148199273879,415,0,2,1017.8022221939173
no_radar_skip,18,0.024163622496416792,32.90285110473633,32.726375579833984,0.004819277208298445,0.03614457696676254,0.09638553857803345,0.056257736593125815,415,0,3,1077.7663529299898
no_radar_skip,19,0.024181863176636398,35.7869873046875,33.351341247558594,0.0,0.016867469996213913,0.03614457696676254,0.061657207037311,415,0,4,1138.435315629933
no_radar_skip,20,0.023032008117297664,38.494110107421875,39.16158676147461,0.0024096386041492224,0.012048192322254181,0.048192769289016724,0.06750243507235883,415,0,5,1199.236156967003
no_radar_skip,21,0.02110747127153445,36.6313591003418,37.20353317260742,0.012048192322254181,0.024096384644508362,0.07951807230710983,0.06304650055356772,415,0,6,1258.6437452320242
no_radar_skip,22,0.02011524571571499,39.378326416015625,37.4078369140625,0.00963855441659689,0.01927710883319378,0.05060240998864174,0.0688614435583712,415,0,7,1318.3377572949976
no_radar_skip,23,0.020403527436428703,39.7432975769043,38.2144775390625,0.0,0.0,0.033734939992427826,0.07096386569810201,415,0,8,1379.5509576699696
no_radar_skip,24,0.01991428411565721,38.212284088134766,37.550941467285156,0.0,0.014457831159234047,0.03614457696676254,0.06644065288535084,415,0,9,1440.0338260469725
no_radar_skip,25,0.01914514449890703,36.85581588745117,33.00673294067383,0.0,0.0072289155796170235,0.040963854640722275,0.06465151584651097,415,0,10,1500.1806130199693
no_radar_skip,26,0.01903706973826047,38.611785888671875,39.31363296508789,0.004819277208298445,0.012048192322254181,0.07228915393352509,0.06725223513252764,415,0,11,1560.3724759590114
no_radar_skip,27,0.019308302362333052,41.79511642456055,40.789180755615234,0.0024096386041492224,0.0072289155796170235,0.04578313231468201,0.07378078882234643,415,0,12,1620.9007399779512
no_radar_skip,28,0.01881580827466678,39.46566390991211,37.67918014526367,0.0,0.0,0.021686747670173645,0.0701318472264761,415,0,13,1681.749424980022
no_radar_skip,29,0.01864287409989629,36.7778434753418,35.81222152709961,0.004819277208298445,0.01927710883319378,0.06265060603618622,0.06372253336461194,415,0,14,1741.3334966929397
no_radar_skip,30,0.016881026182090864,38.32178497314453,37.72313690185547,0.004819277208298445,0.014457831159234047,0.033734939992427826,0.06765791813293136,415,0,15,1800.7651491250144
radar_only,1,0.08470531139755622,47.415008544921875,42.49357604980469,0.0,0.0024096386041492224,0.012048192322254181,0.08512220145708108,415,1,0,56.274465807015076
radar_only,2,0.06841562653426081,49.09519958496094,42.672481536865234,0.0024096386041492224,0.0072289155796170235,0.012048192322254181,0.08822313390941505,415,0,1,111.92512188607361
radar_only,3,0.0657938031363301,47.1043586730957,37.908111572265625,0.0,0.0072289155796170235,0.026506023481488228,0.08519619076725948,415,1,0,167.18947438907344
radar_only,4,0.06242905929684639,48.6556396484375,37.65896224975586,0.0,0.0024096386041492224,0.014457831159234047,0.08718177408698094,415,0,1,222.63373954000417
radar_only,5,0.06059908657334745,47.658329010009766,36.59150314331055,0.0,0.0024096386041492224,0.016867469996213913,0.08585081714463522,415,0,2,278.19685346400365
radar_only,6,0.05869415489723906,47.83720016479492,42.551570892333984,0.0024096386041492224,0.0024096386041492224,0.03614457696676254,0.08650179313248899,415,0,3,333.44059263705276
radar_only,7,0.05725478197564371,48.202213287353516,41.84433364868164,0.00963855441659689,0.026506023481488228,0.09397590160369873,0.0867198551634708,415,0,4,385.8875735839829
radar_only,8,0.057456800976069644,48.8766975402832,43.76221466064453,0.0072289155796170235,0.024096384644508362,0.13012048602104187,0.08799216403480035,415,0,5,437.8961138150189
radar_only,9,0.0567094583529979,50.98569869995117,42.186031341552734,0.0,0.0024096386041492224,0.0602409653365612,0.09146928403930492,415,0,6,491.2527618680615
radar_only,10,0.05441367189632729,50.676692962646484,44.29172897338867,0.0024096386041492224,0.01927710883319378,0.11807228624820709,0.09114018679562821,415,0,7,543.016862508026
radar_only,11,0.05410773848416284,48.7960319519043,41.73261642456055,0.0024096386041492224,0.004819277208298445,0.09156626462936401,0.08764731133558663,415,0,8,596.5318831000477
radar_only,12,0.05184142920188606,48.3961067199707,41.490501403808594,0.024096384644508362,0.05783132463693619,0.1349397599697113,0.08735321118350489,415,0,9,650.0818646440748
radar_only,13,0.052098299871431664,49.4156494140625,39.65142059326172,0.0072289155796170235,0.014457831159234047,0.0746987983584404,0.08943144475300628,415,0,10,704.8392035270808
radar_only,14,0.05095367488684133,47.05745315551758,40.06382369995117,0.0024096386041492224,0.004819277208298445,0.11325301229953766,0.08435768988656711,415,1,0,759.8474771480542
radar_only,15,0.05011194999678992,44.36442565917969,37.234500885009766,0.0072289155796170235,0.016867469996213913,0.09879518300294876,0.07977751656828157,415,1,0,813.9568447939819
radar_only,16,0.05010819295421243,48.26779556274414,38.635231018066406,0.0072289155796170235,0.016867469996213913,0.08674699068069458,0.08703517623874078,415,0,1,866.6468703870196
radar_only,17,0.050389585754601285,46.78145217895508,38.35499572753906,0.014457831159234047,0.06265060603618622,0.15903614461421967,0.08397930759981455,415,0,2,919.6658741140272
radar_only,18,0.049912432819837704,49.52726745605469,41.71862030029297,0.0,0.0,0.033734939992427826,0.08946451139916857,415,0,3,972.4468773150584
radar_only,19,0.048363851150497794,46.38285446166992,36.773468017578125,0.0024096386041492224,0.00963855441659689,0.11807228624820709,0.0832109545009682,415,0,4,1025.8183292640606
radar_only,20,0.047027148597408086,44.719913482666016,37.43661880493164,0.0,0.05060240998864174,0.1349397599697113,0.08019879445972213,415,0,5,1078.4527352619916
radar_only,21,0.047965681296773255,44.325191497802734,30.06964874267578,0.0,0.016867469996213913,0.15421687066555023,0.08006296085126428,415,1,0,1133.2064525020542
radar_only,22,0.04839174126391299,47.90739822387695,37.4779052734375,0.0,0.01927710883319378,0.09397590160369873,0.08648751939994744,415,0,1,1185.9994199509965
radar_only,23,0.04781832383014262,48.37923049926758,38.36465072631836,0.0,0.0024096386041492224,0.03132530301809311,0.0872162352933223,415,0,2,1239.1413236730732
radar_only,24,0.04602484998758882,44.83088684082031,34.55274200439453,0.0024096386041492224,0.014457831159234047,0.13012048602104187,0.08059062393135336,415,0,3,1293.0832738770405
radar_only,25,0.048691583855543286,49.28055191040039,33.91564178466797,0.0024096386041492224,0.01927710883319378,0.03132530301809311,0.08889810798397983,415,0,4,1346.6423632410588
radar_only,26,0.04744247969938442,46.07497024536133,36.61744689941406,0.0,0.0024096386041492224,0.033734939992427826,0.08249054860817381,415,0,5,1399.9795203100657
radar_only,27,0.045616763847647235,45.083274841308594,33.25054931640625,0.0,0.0024096386041492224,0.014457831159234047,0.0804554512881371,415,0,6,1453.6499437710736
radar_only,28,0.04571023701282684,46.302490234375,34.71793746948242,0.0,0.004819277208298445,0.03855421766638756,0.08335083719477596,415,0,7,1506.3511153840227
radar_only,29,0.04618303503957577,47.19478225708008,36.03362274169922,0.0,0.004819277208298445,0.09156626462936401,0.0853554141180343,415,0,8,1561.0556632460793
radar_only,30,0.045501052372856066,42.26743698120117,35.03143310546875,0.0,0.0024096386041492224,0.0891566276550293,0.07586756994925349,415,1,0,1613.7789726500632
radar_only,31,0.04458741017151624,42.44403076171875,33.11666488647461,0.0024096386041492224,0.028915662318468094,0.16144578158855438,0.07640170720686396,415,0,1,1667.0386306950822
radar_only,32,0.04491978662554175,44.11436462402344,33.63710021972656,0.0,0.04578313231468201,0.11807228624820709,0.07920753847224167,415,0,2,1720.4172228800599
radar_only,33,0.04492334683891386,42.98675537109375,35.54622268676758,0.012048192322254181,0.03855421766638756,0.14457830786705017,0.07696806213941919,415,0,3,1773.1105112440418
radar_only,34,0.04525105452921707,45.993316650390625,28.72273826599121,0.0,0.0072289155796170235,0.06506024301052094,0.08272473379431,415,0,4,1825.8469527009875
radar_only,35,0.04441142838913947,45.789058685302734,27.434507369995117,0.014457831159234047,0.021686747670173645,0.07951807230710983,0.08242807579058481,415,0,5,1878.9682593090693
radar_only,36,0.044721883357851766,49.00188064575195,31.16634178161621,0.0072289155796170235,0.01927710883319378,0.05060240998864174,0.0888076579983694,415,0,6,1932.5597215020098
radar_only,37,0.045262102386914194,44.17597961425781,37.232418060302734,0.004819277208298445,0.053012046962976456,0.14216867089271545,0.0792957182390144,415,0,7,1985.6639128620736
radar_only,38,0.04446769326750655,45.31156921386719,33.13861083984375,0.014457831159234047,0.033734939992427826,0.11084337532520294,0.08153077787663564,415,0,8,2039.343985766056
radar_only,39,0.04353753615578171,45.70298767089844,31.236413955688477,0.016867469996213913,0.026506023481488228,0.09638553857803345,0.08206975150359683,415,0,9,2090.736324847094
radar_only,40,0.04372227378189564,43.02211380004883,33.44454574584961,0.06265060603618622,0.09156626462936401,0.13734939694404602,0.07665826590305351,415,0,10,2144.1062058920506
radar_only,41,0.04365288309054449,46.54973220825195,31.677602767944336,0.0,0.0024096386041492224,0.03855421766638756,0.08354270073125161,415,0,11,2197.353985156049
radar_only,42,0.043737617088481784,43.353294372558594,36.030799865722656,0.026506023481488228,0.0891566276550293,0.13012048602104187,0.07766401398792325,415,0,12,2250.559324703063
radar_only,43,0.04277606420509983,43.348567962646484,28.145727157592773,0.012048192322254181,0.048192769289016724,0.1204819306731224,0.07815771851553974,415,0,13,2302.9919795820024
radar_only,44,0.04385379180894233,42.809417724609375,36.25373077392578,0.004819277208298445,0.026506023481488228,0.12289156764745712,0.07638723698545652,415,0,14,2356.037025297992
radar_only,45,0.04418080535833724,47.073814392089844,32.04342269897461,0.004819277208298445,0.014457831159234047,0.03614457696676254,0.08487428421356592,415,0,15,2409.939987305086
pure_attention,1,0.09654238971415907,52.20976257324219,53.67808532714844,0.0,0.016867469996213913,0.04337349534034729,0.09272716810186225,415,1,0,56.30744390701875
pure_attention,2,0.06758353643817827,43.13715744018555,37.202308654785156,0.10843373835086823,0.12771084904670715,0.15180723369121552,0.07808560104255216,415,1,0,112.85356536600739
pure_attention,3,0.061907453782623634,43.81809997558594,38.632347106933594,0.0,0.0,0.0072289155796170235,0.0777769352118653,415,0,1,169.17400738608558
pure_attention,4,0.05591097864089534,41.451881408691406,37.64947509765625,0.0,0.0,0.016867469996213913,0.07410101457891693,415,1,0,225.55924135900568
pure_attention,5,0.04082023585215211,44.19966506958008,38.97434616088867,0.0024096386041492224,0.004819277208298445,0.01927710883319378,0.07688280787453594,415,0,1,282.0238630659878
pure_attention,6,0.035671488352818415,40.25267791748047,34.7396125793457,0.0024096386041492224,0.004819277208298445,0.040963854640722275,0.0698207825242755,415,1,0,338.6702034990303
pure_attention,7,0.030134939443087205,42.53940200805664,35.122074127197266,0.0,0.0,0.0024096386041492224,0.0758354225072516,415,0,1,395.054987719981
pure_attention,8,0.026941213553072885,42.432804107666016,40.241092681884766,0.0,0.004819277208298445,0.053012046962976456,0.07502466541636421,415,0,2,451.8464492079802
pure_attention,9,0.02435112642706372,37.25305938720703,32.5882568359375,0.016867469996213913,0.026506023481488228,0.05060240998864174,0.06568713376680052,415,1,0,508.8720873630373
pure_attention,10,0.022781819963711314,42.2546501159668,39.396705627441406,0.0,0.0072289155796170235,0.028915662318468094,0.0751400916691286,415,0,1,565.8140780800022
pure_attention,11,0.021887870476348326,37.6605224609375,32.98918151855469,0.00963855441659689,0.026506023481488228,0.040963854640722275,0.06704732601542071,415,0,2,622.7530295260949
pure_attention,12,0.021078945268527605,43.683433532714844,38.99822235107422,0.0,0.0,0.03132530301809311,0.07764495776360293,415,0,3,680.3418723740615
pure_attention,13,0.021102908940520138,42.69919967651367,38.77783203125,0.0,0.0072289155796170235,0.028915662318468094,0.07549488106405879,415,0,4,737.3710959809832
pure_attention,14,0.020394604143803008,43.359458923339844,40.64645004272461,0.0,0.0,0.01927710883319378,0.07704411012580596,415,0,5,794.1192574989982
pure_attention,15,0.01893061597365886,39.630916595458984,36.52924346923828,0.00963855441659689,0.00963855441659689,0.028915662318468094,0.06882164370582765,415,0,6,850.9069440530147
pure_attention,16,0.01836814636772033,44.19295120239258,40.97551727294922,0.0,0.0,0.021686747670173645,0.07689517316329911,415,0,7,908.0868522600504
pure_attention,17,0.017107890860643238,43.16548538208008,43.38920211791992,0.0,0.0,0.016867469996213913,0.07677560667675662,415,0,8,964.9640078269877
pure_attention,18,0.016985968963126652,43.08071517944336,40.105743408203125,0.0,0.0,0.012048192322254181,0.0760161673448172,415,0,9,1022.4093823760049
pure_attention,19,0.01635472995985765,41.5521354675293,38.7089958190918,0.0,0.021686747670173645,0.04337349534034729,0.07335174675267862,415,0,10,1079.336891619023
pure_attention,20,0.016038200934417546,39.98619079589844,38.91611099243164,0.0072289155796170235,0.014457831159234047,0.04578313231468201,0.07003590877515724,415,0,11,1136.7090601440286
pure_attention,21,0.015049807654577307,39.98454284667969,37.09809875488281,0.0,0.0072289155796170235,0.028915662318468094,0.07040703020182,415,0,12,1194.009977906011
pure_attention,22,0.015253571400535293,39.73149490356445,39.06439208984375,0.0024096386041492224,0.0072289155796170235,0.021686747670173645,0.06950388997793197,415,0,13,1251.1238503539935
pure_attention,23,0.014703238965012133,41.35863494873047,38.363529205322266,0.0,0.0024096386041492224,0.028915662318468094,0.07373728448727045,415,0,14,1308.512591428007
pure_attention,24,0.01439274895528797,41.052982330322266,37.44440460205078,0.0,0.0,0.012048192322254181,0.07291990107441523,415,0,15,1365.9671751450514
