variant,out_index,step,elapsed_seconds,center_error_px_mean,center_error_px_median,center_error_lt_2px,center_error_lt_4px,mean_iou,median_iou,recall_iou_0.5,position_error_mean_m,bbox_l1,position_loss,box_head_grad_norm,peak_gpu_memory_mb,visual_token_count,fusion,parameter_count_total,parameter_count_trainable
stride8_only,2,50,16.725793585996144,17.668016529083253,17.234121322631836,0.0,0.0,0.09148344416171313,0.07677081599831581,0.0,0.767513221502304,0.020895074866712094,0.005026116990484298,6.664260387420654,0.0,3456,none,1617479,1617479
stride8_only,2,100,33.698286203085445,16.328004121780396,15.874946594238281,0.0,0.0,0.11243104077875614,0.09228743612766266,0.0,0.5433984644711017,0.01736512826755643,0.0029801452008541675,6.333283424377441,0.0,3456,none,1617479,1617479
stride8_only,2,150,50.5046822730219,14.735450553894044,10.644028663635254,0.0,0.0,0.20689365305006505,0.24574977904558182,0.0,0.6190537318587304,0.014098583813756704,0.003604964108671993,4.9097208976745605,0.0,3456,none,1617479,1617479
stride8_only,2,200,67.22186567098834,24.48970251083374,21.43643856048584,0.0,0.0,0.0,0.0,0.0,0.46409584432840345,0.01565251676365733,0.0024586294079199434,5.848324775695801,0.0,3456,none,1617479,1617479
stride8_only,2,250,83.86948879703414,23.288099002838134,19.273475646972656,0.0,0.0,0.00437879809178412,0.0,0.0,0.3710696898400784,0.0162225685082376,0.002167832831037231,5.5839643478393555,0.0,3456,none,1617479,1617479
stride8_only,2,300,100.84527926205192,8.701651430130005,4.981297969818115,0.0,0.2,0.44640807062387466,0.5269339978694916,0.65,0.3948488779366016,0.009522090852260589,0.0023186895821709188,5.566075801849365,0.0,3456,none,1617479,1617479
stride8_only,2,350,117.54731788102072,16.55037670135498,17.371204376220703,0.0,0.0,0.08651440925896167,0.05944294109940529,0.0,0.4982190228998661,0.016435283236205578,0.002417223874363117,5.522809028625488,0.0,3456,none,1617479,1617479
stride8_only,2,400,134.33820534299593,8.213238167762757,5.114265203475952,0.05,0.2,0.425515253841877,0.48698459565639496,0.45,0.4313437882810831,0.009346361039206386,0.001983018913597334,4.4508562088012695,0.0,3456,none,1617479,1617479
stride8_only,2,450,151.0518178109778,14.277673983573914,15.687618732452393,0.0,0.0,0.11566122506519605,0.06254742480814457,0.05,0.5420197203755379,0.014646579511463642,0.0021034063305705787,4.411468982696533,0.0,3456,none,1617479,1617479
stride8_only,2,500,167.80016282806173,6.891256763041019,3.806139588356018,0.1,0.6,0.5071070298552514,0.6097550094127655,0.75,0.2972171761095524,0.007791829435154796,0.0011508132563903927,4.224581241607666,0.0,3456,none,1617479,1617479
stride8_only,2,550,184.57826107705478,8.746129715442658,9.097655773162842,0.0,0.1,0.34534771032631395,0.31057217717170715,0.15,0.39488113969564437,0.009880323731340467,0.001422647965955548,5.0480780601501465,0.0,3456,none,1617479,1617479
stride8_only,2,600,201.13292388699483,10.497372770309449,8.325141429901123,0.0,0.0,0.28557393457740543,0.3530988246202469,0.0,0.3280843455344439,0.009949363395571708,0.0008227025507949292,5.142971515655518,0.0,3456,none,1617479,1617479
minimal_fpn,2,50,22.4920080130687,31.168107891082762,28.278593063354492,0.0,0.0,0.0,0.0,0.0,0.6679388269782066,0.0200663005001843,0.004496792145073414,6.037265300750732,0.0,3456,minimal_fpn,3848775,3848775
minimal_fpn,2,100,45.79711699404288,16.534316873550416,13.822395324707031,0.0,0.0,0.11609799284487962,0.1301904246211052,0.0,0.7154825925827026,0.01453902111388743,0.003862827841658145,4.444483757019043,0.0,3456,minimal_fpn,3848775,3848775
minimal_fpn,2,150,68.66682344803121,12.253622287511826,12.130448818206787,0.05,0.05,0.23866744469851256,0.21745548397302628,0.1,0.5219085454940796,0.014979662653058768,0.0025341856118757276,4.3344011306762695,0.0,3456,minimal_fpn,3848775,3848775
minimal_fpn,2,200,90.5760063440539,22.131943035125733,18.015015602111816,0.0,0.0,0.03473750529810786,0.03936600312590599,0.0,0.37444360479712485,0.017519325111061336,0.0027596373693086207,5.442480564117432,0.0,3456,minimal_fpn,3848775,3848775
minimal_fpn,2,250,112.56931359204464,19.089057540893556,14.175670623779297,0.0,0.0,0.09037731653079391,0.1215468980371952,0.0,0.37477152310311795,0.017913110554218292,0.0019995836679299827,5.012463092803955,0.0,3456,minimal_fpn,3848775,3848775
minimal_fpn,2,300,134.6575723249698,11.997498106956481,7.043351411819458,0.0,0.0,0.29896499328315257,0.3988948315382004,0.0,0.31420539431273936,0.013299866206943988,0.0013937652678578162,4.919328212738037,0.0,3456,minimal_fpn,3848775,3848775
minimal_fpn,2,350,156.7615956600057,10.78770296573639,10.548609733581543,0.0,0.0,0.2112999726086855,0.20038674026727676,0.0,0.4162997525185347,0.01115856128744781,0.001880253122362774,4.728432655334473,0.0,3456,minimal_fpn,3848775,3848775
minimal_fpn,2,400,178.67815065803006,8.119261193275452,8.7225980758667,0.0,0.15,0.35673303455114364,0.3184863030910492,0.15,0.7194069772958755,0.010113472351804376,0.003533993032760918,4.807018756866455,0.0,3456,minimal_fpn,3848775,3848775
minimal_fpn,2,450,200.94746390904766,15.50200252532959,12.702181339263916,0.0,0.0,0.09556668698787689,0.131733275949955,0.0,0.3977242536842823,0.016557779628783464,0.0011757916276110337,4.748945236206055,0.0,3456,minimal_fpn,3848775,3848775
minimal_fpn,2,500,223.1011988540413,4.696419042348862,3.409635901451111,0.05,0.65,0.572572797164321,0.6517064273357391,0.8,0.31753053665161135,0.0052647520089522,0.0009176362233120017,3.7032999992370605,0.0,3456,minimal_fpn,3848775,3848775
minimal_fpn,2,550,245.0970661570318,17.57045249938965,16.953630447387695,0.0,0.0,0.0560320776887238,0.058620793744921684,0.0,0.3664842754602432,0.01350084701552987,0.0010886082891374826,4.640726566314697,0.0,3456,minimal_fpn,3848775,3848775
minimal_fpn,2,600,267.07128162903246,18.572880268096924,18.37050151824951,0.0,0.0,0.0270720707019791,0.023459368385374546,0.0,0.379778790473938,0.01100405426695943,0.0014147834270261228,3.720961093902588,0.0,3456,minimal_fpn,3848775,3848775
