split,clip_index,sequence_ids,sample_ids,query_times,query_count,selected_event_count
train,0,"[""seq0001""]","[""seq0001_g000000""]",[1706255121.6059043],1,0
train,399,"[""seq0001"", ""seq0001"", ""seq0001"", ""seq0001"", ""seq0001"", ""seq0001"", ""seq0001"", ""seq0001""]","[""seq0001_g000392"", ""seq0001_g000393"", ""seq0001_g000394"", ""seq0001_g000395"", ""seq0001_g000396"", ""seq0001_g000397"", ""seq0001_g000398"", ""seq0001_g000399""]","[1706255141.5990708, 1706255141.6479945, 1706255141.699014, 1706255141.7461157, 1706255141.79964, 1706255141.8458915, 1706255141.899282, 1706255141.945476]",8,160
train,400,"[""seq0002""]","[""seq0002_g000000""]",[1706255141.9995964],1,20
train,799,"[""seq0002"", ""seq0002"", ""seq0002"", ""seq0002"", ""seq0002"", ""seq0002"", ""seq0002"", ""seq0002""]","[""seq0002_g000392"", ""seq0002_g000393"", ""seq0002_g000394"", ""seq0002_g000395"", ""seq0002_g000396"", ""seq0002_g000397"", ""seq0002_g000398"", ""seq0002_g000399""]","[1706255162.2070136, 1706255162.2555392, 1706255162.3036492, 1706255162.3679583, 1706255162.4174104, 1706255162.4638982, 1706255162.510845, 1706255162.5590763]",8,160
train,800,"[""seq0003""]","[""seq0003_g000000""]",[1706255162.6037169],1,0
train,1199,"[""seq0003"", ""seq0003"", ""seq0003"", ""seq0003"", ""seq0003"", ""seq0003"", ""seq0003"", ""seq0003""]","[""seq0003_g000392"", ""seq0003_g000393"", ""seq0003_g000394"", ""seq0003_g000395"", ""seq0003_g000396"", ""seq0003_g000397"", ""seq0003_g000398"", ""seq0003_g000399""]","[1706255183.110752, 1706255183.1491578, 1706255183.2017846, 1706255183.2466033, 1706255183.3189692, 1706255183.3562849, 1706255183.4068716, 1706255183.446255]",8,160
train,1200,"[""seq0004""]","[""seq0004_g000000""]",[1706255183.497195],1,0
train,1599,"[""seq0004"", ""seq0004"", ""seq0004"", ""seq0004"", ""seq0004"", ""seq0004"", ""seq0004"", ""seq0004""]","[""seq0004_g000392"", ""seq0004_g000393"", ""seq0004_g000394"", ""seq0004_g000395"", ""seq0004_g000396"", ""seq0004_g000397"", ""seq0004_g000398"", ""seq0004_g000399""]","[1706255203.9487998, 1706255204.0008013, 1706255204.0510314, 1706255204.105138, 1706255204.146458, 1706255204.201763, 1706255204.2503588, 1706255204.2996771]",8,160
train,1600,"[""seq0005""]","[""seq0005_g000000""]",[1706255204.3490098],1,0
train,1999,"[""seq0005"", ""seq0005"", ""seq0005"", ""seq0005"", ""seq0005"", ""seq0005"", ""seq0005"", ""seq0005""]","[""seq0005_g000392"", ""seq0005_g000393"", ""seq0005_g000394"", ""seq0005_g000395"", ""seq0005_g000396"", ""seq0005_g000397"", ""seq0005_g000398"", ""seq0005_g000399""]","[1706255224.5512187, 1706255224.6424286, 1706255224.7113316, 1706255224.766972, 1706255224.8150187, 1706255224.8623223, 1706255224.9010916, 1706255224.9484851]",8,160
train,2000,"[""seq0006""]","[""seq0006_g000000""]",[1706255225.0021281],1,0
train,2399,"[""seq0006"", ""seq0006"", ""seq0006"", ""seq0006"", ""seq0006"", ""seq0006"", ""seq0006"", ""seq0006""]","[""seq0006_g000392"", ""seq0006_g000393"", ""seq0006_g000394"", ""seq0006_g000395"", ""seq0006_g000396"", ""seq0006_g000397"", ""seq0006_g000398"", ""seq0006_g000399""]","[1706255245.806023, 1706255245.847543, 1706255245.9031608, 1706255245.9506187, 1706255246.0021896, 1706255246.050636, 1706255246.105674, 1706255246.1518018]",8,160
train,2400,"[""seq0008""]","[""seq0008_g000000""]",[1706255266.9137864],1,0
train,2799,"[""seq0008"", ""seq0008"", ""seq0008"", ""seq0008"", ""seq0008"", ""seq0008"", ""seq0008"", ""seq0008""]","[""seq0008_g000392"", ""seq0008_g000393"", ""seq0008_g000394"", ""seq0008_g000395"", ""seq0008_g000396"", ""seq0008_g000397"", ""seq0008_g000398"", ""seq0008_g000399""]","[1706255287.3119895, 1706255287.3529146, 1706255287.405544, 1706255287.4529634, 1706255287.505071, 1706255287.5518448, 1706255287.6052449, 1706255287.6504602]",8,160
train,2800,"[""seq0010""]","[""seq0010_g000000""]",[1706255309.2113876],1,0
train,3199,"[""seq0010"", ""seq0010"", ""seq0010"", ""seq0010"", ""seq0010"", ""seq0010"", ""seq0010"", ""seq0010""]","[""seq0010_g000392"", ""seq0010_g000393"", ""seq0010_g000394"", ""seq0010_g000395"", ""seq0010_g000396"", ""seq0010_g000397"", ""seq0010_g000398"", ""seq0010_g000399""]","[1706255329.6502445, 1706255329.7075472, 1706255329.7526336, 1706255329.8106325, 1706255329.8527808, 1706255329.9037437, 1706255329.951994, 1706255330.005916]",8,160
train,3200,"[""seq0011""]","[""seq0011_g000000""]",[1706255330.0534513],1,0
train,3599,"[""seq0011"", ""seq0011"", ""seq0011"", ""seq0011"", ""seq0011"", ""seq0011"", ""seq0011"", ""seq0011""]","[""seq0011_g000392"", ""seq0011_g000393"", ""seq0011_g000394"", ""seq0011_g000395"", ""seq0011_g000396"", ""seq0011_g000397"", ""seq0011_g000398"", ""seq0011_g000399""]","[1706255350.4205706, 1706255350.5054107, 1706255350.5536635, 1706255350.6077795, 1706255350.6516345, 1706255350.7046435, 1706255350.7530167, 1706255350.80687]",8,160
train,3600,"[""seq0016""]","[""seq0016_g000000""]",[1706255434.8067014],1,0
train,3999,"[""seq0016"", ""seq0016"", ""seq0016"", ""seq0016"", ""seq0016"", ""seq0016"", ""seq0016"", ""seq0016""]","[""seq0016_g000392"", ""seq0016_g000393"", ""seq0016_g000394"", ""seq0016_g000395"", ""seq0016_g000396"", ""seq0016_g000397"", ""seq0016_g000398"", ""seq0016_g000399""]","[1706255454.956131, 1706255455.007455, 1706255455.0553398, 1706255455.1072528, 1706255455.1558828, 1706255455.2062721, 1706255455.2536862, 1706255455.3116055]",8,160
train,4000,"[""seq0017""]","[""seq0017_g000000""]",[1706255455.3569574],1,0
train,4399,"[""seq0017"", ""seq0017"", ""seq0017"", ""seq0017"", ""seq0017"", ""seq0017"", ""seq0017"", ""seq0017""]","[""seq0017_g000392"", ""seq0017_g000393"", ""seq0017_g000394"", ""seq0017_g000395"", ""seq0017_g000396"", ""seq0017_g000397"", ""seq0017_g000398"", ""seq0017_g000399""]","[1706255475.8632133, 1706255475.908403, 1706255475.9544177, 1706255476.0088897, 1706255476.0540097, 1706255476.1083694, 1706255476.1577628, 1706255476.2247367]",8,160
train,4400,"[""seq0018""]","[""seq0018_g000000""]",[1706255476.3308504],1,0
train,4799,"[""seq0018"", ""seq0018"", ""seq0018"", ""seq0018"", ""seq0018"", ""seq0018"", ""seq0018"", ""seq0018""]","[""seq0018_g000392"", ""seq0018_g000393"", ""seq0018_g000394"", ""seq0018_g000395"", ""seq0018_g000396"", ""seq0018_g000397"", ""seq0018_g000398"", ""seq0018_g000399""]","[1706255496.7094147, 1706255496.757839, 1706255496.8103757, 1706255496.858616, 1706255496.912972, 1706255496.9561949, 1706255497.0081553, 1706255497.0565696]",8,160
train,4800,"[""seq0019""]","[""seq0019_g000000""]",[1706255497.111298],1,0
train,5199,"[""seq0019"", ""seq0019"", ""seq0019"", ""seq0019"", ""seq0019"", ""seq0019"", ""seq0019"", ""seq0019""]","[""seq0019_g000392"", ""seq0019_g000393"", ""seq0019_g000394"", ""seq0019_g000395"", ""seq0019_g000396"", ""seq0019_g000397"", ""seq0019_g000398"", ""seq0019_g000399""]","[1706255517.2572198, 1706255517.3105183, 1706255517.3587048, 1706255517.409099, 1706255517.457917, 1706255517.5197923, 1706255517.5606823, 1706255517.6126316]",8,160
train,5200,"[""seq0021""]","[""seq0021_g000000""]",[1706255538.41791],1,0
train,5599,"[""seq0021"", ""seq0021"", ""seq0021"", ""seq0021"", ""seq0021"", ""seq0021"", ""seq0021"", ""seq0021""]","[""seq0021_g000392"", ""seq0021_g000393"", ""seq0021_g000394"", ""seq0021_g000395"", ""seq0021_g000396"", ""seq0021_g000397"", ""seq0021_g000398"", ""seq0021_g000399""]","[1706255559.1339314, 1706255559.1759524, 1706255559.2158988, 1706255559.2624426, 1706255559.3598366, 1706255559.4112241, 1706255559.4611933, 1706255559.5148604]",8,160
train,5600,"[""seq0022""]","[""seq0022_g000000""]",[1706255559.5578873],1,0
train,5999,"[""seq0022"", ""seq0022"", ""seq0022"", ""seq0022"", ""seq0022"", ""seq0022"", ""seq0022"", ""seq0022""]","[""seq0022_g000392"", ""seq0022_g000393"", ""seq0022_g000394"", ""seq0022_g000395"", ""seq0022_g000396"", ""seq0022_g000397"", ""seq0022_g000398"", ""seq0022_g000399""]","[1706255580.2272806, 1706255580.2586129, 1706255580.3369749, 1706255580.3819253, 1706255580.4240787, 1706255580.464711, 1706255580.5141516, 1706255580.5580835]",8,160
train,6000,"[""seq0024""]","[""seq0024_g000000""]",[1706255601.0654955],1,0
train,6399,"[""seq0024"", ""seq0024"", ""seq0024"", ""seq0024"", ""seq0024"", ""seq0024"", ""seq0024"", ""seq0024""]","[""seq0024_g000392"", ""seq0024_g000393"", ""seq0024_g000394"", ""seq0024_g000395"", ""seq0024_g000396"", ""seq0024_g000397"", ""seq0024_g000398"", ""seq0024_g000399""]","[1706255621.165291, 1706255621.2127366, 1706255621.261521, 1706255621.3126469, 1706255621.3634481, 1706255621.4136596, 1706255621.4609885, 1706255621.5103552]",8,160
train,6400,"[""seq0025""]","[""seq0025_g000000""]",[1706254883.3108],1,0
train,6799,"[""seq0025"", ""seq0025"", ""seq0025"", ""seq0025"", ""seq0025"", ""seq0025"", ""seq0025"", ""seq0025""]","[""seq0025_g000392"", ""seq0025_g000393"", ""seq0025_g000394"", ""seq0025_g000395"", ""seq0025_g000396"", ""seq0025_g000397"", ""seq0025_g000398"", ""seq0025_g000399""]","[1706254903.7312415, 1706254903.786004, 1706254903.835997, 1706254903.938265, 1706254903.985173, 1706254904.0303566, 1706254904.082794, 1706254904.1300101]",8,160
train,6800,"[""seq0026""]","[""seq0026_g000000""]",[1706254904.183321],1,0
train,7199,"[""seq0026"", ""seq0026"", ""seq0026"", ""seq0026"", ""seq0026"", ""seq0026"", ""seq0026"", ""seq0026""]","[""seq0026_g000392"", ""seq0026_g000393"", ""seq0026_g000394"", ""seq0026_g000395"", ""seq0026_g000396"", ""seq0026_g000397"", ""seq0026_g000398"", ""seq0026_g000399""]","[1706254925.3906014, 1706254925.4336348, 1706254925.5250337, 1706254925.5781689, 1706254925.6632571, 1706254925.7138674, 1706254925.7682984, 1706254925.811406]",8,160
train,7200,"[""seq0027""]","[""seq0027_g000000""]",[1706254925.8552651],1,0
train,7599,"[""seq0027"", ""seq0027"", ""seq0027"", ""seq0027"", ""seq0027"", ""seq0027"", ""seq0027"", ""seq0027""]","[""seq0027_g000392"", ""seq0027_g000393"", ""seq0027_g000394"", ""seq0027_g000395"", ""seq0027_g000396"", ""seq0027_g000397"", ""seq0027_g000398"", ""seq0027_g000399""]","[1706254949.139225, 1706254949.1931837, 1706254949.2396162, 1706254949.290355, 1706254949.33849, 1706254949.3899796, 1706254949.439602, 1706254949.4895234]",8,160
train,7600,"[""seq0028""]","[""seq0028_g000000""]",[1706254949.5332782],1,0
train,7999,"[""seq0028"", ""seq0028"", ""seq0028"", ""seq0028"", ""seq0028"", ""seq0028"", ""seq0028"", ""seq0028""]","[""seq0028_g000392"", ""seq0028_g000393"", ""seq0028_g000394"", ""seq0028_g000395"", ""seq0028_g000396"", ""seq0028_g000397"", ""seq0028_g000398"", ""seq0028_g000399""]","[1706254970.6331906, 1706254970.6878471, 1706254970.7349112, 1706254970.7861662, 1706254970.8321457, 1706254970.88425, 1706254970.9308395, 1706254970.9859812]",8,160
train,8000,"[""seq0029""]","[""seq0029_g000000""]",[1706254971.0343235],1,0
train,8399,"[""seq0029"", ""seq0029"", ""seq0029"", ""seq0029"", ""seq0029"", ""seq0029"", ""seq0029"", ""seq0029""]","[""seq0029_g000392"", ""seq0029_g000393"", ""seq0029_g000394"", ""seq0029_g000395"", ""seq0029_g000396"", ""seq0029_g000397"", ""seq0029_g000398"", ""seq0029_g000399""]","[1706254991.2323618, 1706254991.283935, 1706254991.3308675, 1706254991.3920097, 1706254991.4370155, 1706254991.4848692, 1706254991.5315487, 1706254991.5818896]",8,160
train,8400,"[""seq0030""]","[""seq0030_g000000""]",[1706254991.6316302],1,0
train,8799,"[""seq0030"", ""seq0030"", ""seq0030"", ""seq0030"", ""seq0030"", ""seq0030"", ""seq0030"", ""seq0030""]","[""seq0030_g000392"", ""seq0030_g000393"", ""seq0030_g000394"", ""seq0030_g000395"", ""seq0030_g000396"", ""seq0030_g000397"", ""seq0030_g000398"", ""seq0030_g000399""]","[1706255012.1362367, 1706255012.186378, 1706255012.2465584, 1706255012.2885053, 1706255012.3348784, 1706255012.3866992, 1706255012.4354856, 1706255012.4887483]",8,160
train,8800,"[""seq0032""]","[""seq0032_g000000""]",[1706255033.5355082],1,0
train,9199,"[""seq0032"", ""seq0032"", ""seq0032"", ""seq0032"", ""seq0032"", ""seq0032"", ""seq0032"", ""seq0032""]","[""seq0032_g000392"", ""seq0032_g000393"", ""seq0032_g000394"", ""seq0032_g000395"", ""seq0032_g000396"", ""seq0032_g000397"", ""seq0032_g000398"", ""seq0032_g000399""]","[1706255053.93392, 1706255054.0026636, 1706255054.0459466, 1706255054.0973268, 1706255054.13502, 1706255054.1887763, 1706255054.2361188, 1706255054.3037388]",8,160
train,9200,"[""seq0033""]","[""seq0033_g000000""]",[1706257040.2000973],1,0
train,9599,"[""seq0033"", ""seq0033"", ""seq0033"", ""seq0033"", ""seq0033"", ""seq0033"", ""seq0033"", ""seq0033""]","[""seq0033_g000392"", ""seq0033_g000393"", ""seq0033_g000394"", ""seq0033_g000395"", ""seq0033_g000396"", ""seq0033_g000397"", ""seq0033_g000398"", ""seq0033_g000399""]","[1706257060.6860514, 1706257060.7322695, 1706257060.7802293, 1706257060.8311455, 1706257060.8798976, 1706257060.9317923, 1706257060.979396, 1706257061.0442183]",8,160
train,9600,"[""seq0034""]","[""seq0034_g000000""]",[1706257061.082379],1,0
train,9999,"[""seq0034"", ""seq0034"", ""seq0034"", ""seq0034"", ""seq0034"", ""seq0034"", ""seq0034"", ""seq0034""]","[""seq0034_g000392"", ""seq0034_g000393"", ""seq0034_g000394"", ""seq0034_g000395"", ""seq0034_g000396"", ""seq0034_g000397"", ""seq0034_g000398"", ""seq0034_g000399""]","[1706257081.340367, 1706257081.3881583, 1706257081.4385264, 1706257081.4860299, 1706257081.5362616, 1706257081.596164, 1706257081.6408908, 1706257081.688931]",8,160
train,10000,"[""seq0038""]","[""seq0038_g000000""]",[1706257143.5874474],1,0
train,10399,"[""seq0038"", ""seq0038"", ""seq0038"", ""seq0038"", ""seq0038"", ""seq0038"", ""seq0038"", ""seq0038""]","[""seq0038_g000392"", ""seq0038_g000393"", ""seq0038_g000394"", ""seq0038_g000395"", ""seq0038_g000396"", ""seq0038_g000397"", ""seq0038_g000398"", ""seq0038_g000399""]","[1706257164.0436456, 1706257164.087825, 1706257164.144124, 1706257164.190434, 1706257164.242223, 1706257164.293514, 1706257164.3557885, 1706257164.3991168]",8,160
train,10400,"[""seq0039""]","[""seq0039_g000000""]",[1706257164.443361],1,0
train,10799,"[""seq0039"", ""seq0039"", ""seq0039"", ""seq0039"", ""seq0039"", ""seq0039"", ""seq0039"", ""seq0039""]","[""seq0039_g000392"", ""seq0039_g000393"", ""seq0039_g000394"", ""seq0039_g000395"", ""seq0039_g000396"", ""seq0039_g000397"", ""seq0039_g000398"", ""seq0039_g000399""]","[1706257184.8893585, 1706257184.9419782, 1706257184.9889731, 1706257185.0478764, 1706257185.0896273, 1706257185.1411264, 1706257185.1905742, 1706257185.240194]",8,160
train,10800,"[""seq0040""]","[""seq0040_g000000""]",[1706257185.2873986],1,0
train,11199,"[""seq0040"", ""seq0040"", ""seq0040"", ""seq0040"", ""seq0040"", ""seq0040"", ""seq0040"", ""seq0040""]","[""seq0040_g000392"", ""seq0040_g000393"", ""seq0040_g000394"", ""seq0040_g000395"", ""seq0040_g000396"", ""seq0040_g000397"", ""seq0040_g000398"", ""seq0040_g000399""]","[1706257205.2394257, 1706257205.2906911, 1706257205.3481066, 1706257205.3929853, 1706257205.4558167, 1706257205.4882517, 1706257205.54197, 1706257205.59003]",8,160
train,11200,"[""seq0041""]","[""seq0041_g000000""]",[1706257205.6445227],1,0
train,11599,"[""seq0041"", ""seq0041"", ""seq0041"", ""seq0041"", ""seq0041"", ""seq0041"", ""seq0041"", ""seq0041""]","[""seq0041_g000392"", ""seq0041_g000393"", ""seq0041_g000394"", ""seq0041_g000395"", ""seq0041_g000396"", ""seq0041_g000397"", ""seq0041_g000398"", ""seq0041_g000399""]","[1706257225.6426384, 1706257225.6908166, 1706257225.7526863, 1706257225.7899294, 1706257225.8418648, 1706257225.8916998, 1706257225.9484103, 1706257225.9896028]",8,160
train,11600,"[""seq0043""]","[""seq0043_g000000""]",[1706257246.5939956],1,0
train,11999,"[""seq0043"", ""seq0043"", ""seq0043"", ""seq0043"", ""seq0043"", ""seq0043"", ""seq0043"", ""seq0043""]","[""seq0043_g000392"", ""seq0043_g000393"", ""seq0043_g000394"", ""seq0043_g000395"", ""seq0043_g000396"", ""seq0043_g000397"", ""seq0043_g000398"", ""seq0043_g000399""]","[1706257266.6563487, 1706257266.6937287, 1706257266.745013, 1706257266.824718, 1706257266.9029796, 1706257266.9575024, 1706257266.994021, 1706257267.0408788]",8,160
train,12000,"[""seq0044""]","[""seq0044_g000000""]",[1706257267.0904503],1,0
train,12399,"[""seq0044"", ""seq0044"", ""seq0044"", ""seq0044"", ""seq0044"", ""seq0044"", ""seq0044"", ""seq0044""]","[""seq0044_g000392"", ""seq0044_g000393"", ""seq0044_g000394"", ""seq0044_g000395"", ""seq0044_g000396"", ""seq0044_g000397"", ""seq0044_g000398"", ""seq0044_g000399""]","[1706257287.2520897, 1706257287.2963636, 1706257287.3438823, 1706257287.3943396, 1706257287.4447732, 1706257287.493285, 1706257287.5465572, 1706257287.5942779]",8,160
train,12400,"[""seq0045""]","[""seq0045_g000000""]",[1706257287.656906],1,0
train,12799,"[""seq0045"", ""seq0045"", ""seq0045"", ""seq0045"", ""seq0045"", ""seq0045"", ""seq0045"", ""seq0045""]","[""seq0045_g000392"", ""seq0045_g000393"", ""seq0045_g000394"", ""seq0045_g000395"", ""seq0045_g000396"", ""seq0045_g000397"", ""seq0045_g000398"", ""seq0045_g000399""]","[1706257307.8946009, 1706257307.9444425, 1706257307.9953454, 1706257308.0633364, 1706257308.0974798, 1706257308.144817, 1706257308.1941698, 1706257308.243283]",8,160
train,12800,"[""seq0046""]","[""seq0046_g000000""]",[1706257308.293679],1,0
train,13199,"[""seq0046"", ""seq0046"", ""seq0046"", ""seq0046"", ""seq0046"", ""seq0046"", ""seq0046"", ""seq0046""]","[""seq0046_g000392"", ""seq0046_g000393"", ""seq0046_g000394"", ""seq0046_g000395"", ""seq0046_g000396"", ""seq0046_g000397"", ""seq0046_g000398"", ""seq0046_g000399""]","[1706257328.343761, 1706257328.3945615, 1706257328.4580615, 1706257328.4944541, 1706257328.547105, 1706257328.6043618, 1706257328.6529796, 1706257328.6985202]",8,160
train,13200,"[""seq0047""]","[""seq0047_g000000""]",[1706257328.7476408],1,0
train,13599,"[""seq0047"", ""seq0047"", ""seq0047"", ""seq0047"", ""seq0047"", ""seq0047"", ""seq0047"", ""seq0047""]","[""seq0047_g000392"", ""seq0047_g000393"", ""seq0047_g000394"", ""seq0047_g000395"", ""seq0047_g000396"", ""seq0047_g000397"", ""seq0047_g000398"", ""seq0047_g000399""]","[1706257348.692639, 1706257348.7460973, 1706257348.7931657, 1706257348.845891, 1706257348.8896952, 1706257348.9385555, 1706257348.9939244, 1706257349.058071]",8,160
train,13600,"[""seq0049""]","[""seq0049_g000000""]",[1706257369.7822957],1,0
train,13999,"[""seq0049"", ""seq0049"", ""seq0049"", ""seq0049"", ""seq0049"", ""seq0049"", ""seq0049"", ""seq0049""]","[""seq0049_g000392"", ""seq0049_g000393"", ""seq0049_g000394"", ""seq0049_g000395"", ""seq0049_g000396"", ""seq0049_g000397"", ""seq0049_g000398"", ""seq0049_g000399""]","[1706257390.145696, 1706257390.2433436, 1706257390.2895558, 1706257390.3346298, 1706257390.3799825, 1706257390.5138795, 1706257390.647152, 1706257390.6985111]",8,160
train,14000,"[""seq0051""]","[""seq0051_g000000""]",[1706257411.2951488],1,0
train,14399,"[""seq0051"", ""seq0051"", ""seq0051"", ""seq0051"", ""seq0051"", ""seq0051"", ""seq0051"", ""seq0051""]","[""seq0051_g000392"", ""seq0051_g000393"", ""seq0051_g000394"", ""seq0051_g000395"", ""seq0051_g000396"", ""seq0051_g000397"", ""seq0051_g000398"", ""seq0051_g000399""]","[1706257431.297035, 1706257431.3537998, 1706257431.3992877, 1706257431.4496171, 1706257431.497306, 1706257431.5498292, 1706257431.5974593, 1706257431.65619]",8,160
train,14400,"[""seq0052""]","[""seq0052_g000000""]",[1706257484.2994843],1,0
train,14799,"[""seq0052"", ""seq0052"", ""seq0052"", ""seq0052"", ""seq0052"", ""seq0052"", ""seq0052"", ""seq0052""]","[""seq0052_g000392"", ""seq0052_g000393"", ""seq0052_g000394"", ""seq0052_g000395"", ""seq0052_g000396"", ""seq0052_g000397"", ""seq0052_g000398"", ""seq0052_g000399""]","[1706257504.3520203, 1706257504.4013557, 1706257504.4496112, 1706257504.5006435, 1706257504.5522513, 1706257504.5994284, 1706257504.651895, 1706257504.700304]",8,160
train,14800,"[""seq0053""]","[""seq0053_g000000""]",[1706257504.7519019],1,0
train,15199,"[""seq0053"", ""seq0053"", ""seq0053"", ""seq0053"", ""seq0053"", ""seq0053"", ""seq0053"", ""seq0053""]","[""seq0053_g000392"", ""seq0053_g000393"", ""seq0053_g000394"", ""seq0053_g000395"", ""seq0053_g000396"", ""seq0053_g000397"", ""seq0053_g000398"", ""seq0053_g000399""]","[1706257524.9027631, 1706257524.9533262, 1706257525.008452, 1706257525.0534053, 1706257525.099493, 1706257525.1520247, 1706257525.2017589, 1706257525.2549677]",8,160
train,15200,"[""seq0056""]","[""seq0056_g000000""]",[1706257566.0834475],1,0
train,15599,"[""seq0056"", ""seq0056"", ""seq0056"", ""seq0056"", ""seq0056"", ""seq0056"", ""seq0056"", ""seq0056""]","[""seq0056_g000392"", ""seq0056_g000393"", ""seq0056_g000394"", ""seq0056_g000395"", ""seq0056_g000396"", ""seq0056_g000397"", ""seq0056_g000398"", ""seq0056_g000399""]","[1706257585.955354, 1706257586.00376, 1706257586.0534306, 1706257586.1023767, 1706257586.1535127, 1706257586.2037024, 1706257586.2538588, 1706257586.316495]",8,160
train,15600,"[""seq0057""]","[""seq0057_g000000""]",[1706257586.3945196],1,0
train,15999,"[""seq0057"", ""seq0057"", ""seq0057"", ""seq0057"", ""seq0057"", ""seq0057"", ""seq0057"", ""seq0057""]","[""seq0057_g000392"", ""seq0057_g000393"", ""seq0057_g000394"", ""seq0057_g000395"", ""seq0057_g000396"", ""seq0057_g000397"", ""seq0057_g000398"", ""seq0057_g000399""]","[1706257606.456216, 1706257606.503299, 1706257606.554288, 1706257606.6167061, 1706257606.6531508, 1706257606.7098203, 1706257606.754646, 1706257606.80242]",8,160
train,16000,"[""seq0058""]","[""seq0058_g000000""]",[1706257606.8537583],1,0
train,16399,"[""seq0058"", ""seq0058"", ""seq0058"", ""seq0058"", ""seq0058"", ""seq0058"", ""seq0058"", ""seq0058""]","[""seq0058_g000392"", ""seq0058_g000393"", ""seq0058_g000394"", ""seq0058_g000395"", ""seq0058_g000396"", ""seq0058_g000397"", ""seq0058_g000398"", ""seq0058_g000399""]","[1706257626.655286, 1706257626.7031527, 1706257626.762444, 1706257626.8058105, 1706257626.8542972, 1706257626.903696, 1706257626.9545286, 1706257627.004811]",8,160
train,16400,"[""seq0060""]","[""seq0060_g000000""]",[1706258160.3701155],1,0
train,16599,"[""seq0060"", ""seq0060"", ""seq0060"", ""seq0060"", ""seq0060"", ""seq0060"", ""seq0060"", ""seq0060""]","[""seq0060_g000192"", ""seq0060_g000193"", ""seq0060_g000194"", ""seq0060_g000195"", ""seq0060_g000196"", ""seq0060_g000197"", ""seq0060_g000198"", ""seq0060_g000199""]","[1706258170.119673, 1706258170.1608222, 1706258170.2039459, 1706258170.245004, 1706258170.2893457, 1706258170.331719, 1706258170.4238272, 1706258170.4698627]",8,160
train,16600,"[""seq0061""]","[""seq0061_g000000""]",[1706258190.433233],1,0
train,16999,"[""seq0061"", ""seq0061"", ""seq0061"", ""seq0061"", ""seq0061"", ""seq0061"", ""seq0061"", ""seq0061""]","[""seq0061_g000392"", ""seq0061_g000393"", ""seq0061_g000394"", ""seq0061_g000395"", ""seq0061_g000396"", ""seq0061_g000397"", ""seq0061_g000398"", ""seq0061_g000399""]","[1706258210.6714396, 1706258210.7231643, 1706258210.7738976, 1706258210.8207684, 1706258210.8728917, 1706258210.9246814, 1706258210.9748492, 1706258211.0224884]",8,160
train,17000,"[""seq0062""]","[""seq0062_g000000""]",[1706258211.0709178],1,0
train,17399,"[""seq0062"", ""seq0062"", ""seq0062"", ""seq0062"", ""seq0062"", ""seq0062"", ""seq0062"", ""seq0062""]","[""seq0062_g000392"", ""seq0062_g000393"", ""seq0062_g000394"", ""seq0062_g000395"", ""seq0062_g000396"", ""seq0062_g000397"", ""seq0062_g000398"", ""seq0062_g000399""]","[1706258231.2736032, 1706258231.3332498, 1706258231.3772428, 1706258231.420468, 1706258231.4732158, 1706258231.5348449, 1706258231.5760999, 1706258231.621191]",8,160
train,17400,"[""seq0063""]","[""seq0063_g000000""]",[1706258231.6722634],1,0
train,17799,"[""seq0063"", ""seq0063"", ""seq0063"", ""seq0063"", ""seq0063"", ""seq0063"", ""seq0063"", ""seq0063""]","[""seq0063_g000392"", ""seq0063_g000393"", ""seq0063_g000394"", ""seq0063_g000395"", ""seq0063_g000396"", ""seq0063_g000397"", ""seq0063_g000398"", ""seq0063_g000399""]","[1706258251.621697, 1706258251.6728845, 1706258251.721639, 1706258251.7742755, 1706258251.825349, 1706258251.8727787, 1706258251.9235241, 1706258251.9719157]",8,160
train,17800,"[""seq0064""]","[""seq0064_g000000""]",[1706258252.0180352],1,0
train,18199,"[""seq0064"", ""seq0064"", ""seq0064"", ""seq0064"", ""seq0064"", ""seq0064"", ""seq0064"", ""seq0064""]","[""seq0064_g000392"", ""seq0064_g000393"", ""seq0064_g000394"", ""seq0064_g000395"", ""seq0064_g000396"", ""seq0064_g000397"", ""seq0064_g000398"", ""seq0064_g000399""]","[1706258271.9315228, 1706258271.9751935, 1706258272.0672696, 1706258272.1278427, 1706258272.176412, 1706258272.2242348, 1706258272.2730668, 1706258272.3216105]",8,160
train,18200,"[""seq0069""]","[""seq0069_g000000""]",[1706258515.6397908],1,0
train,18599,"[""seq0069"", ""seq0069"", ""seq0069"", ""seq0069"", ""seq0069"", ""seq0069"", ""seq0069"", ""seq0069""]","[""seq0069_g000392"", ""seq0069_g000393"", ""seq0069_g000394"", ""seq0069_g000395"", ""seq0069_g000396"", ""seq0069_g000397"", ""seq0069_g000398"", ""seq0069_g000399""]","[1706258535.7948933, 1706258535.8438292, 1706258535.8922284, 1706258535.9462378, 1706258535.9969091, 1706258536.0744483, 1706258536.1433198, 1706258536.1925228]",8,160
train,18600,"[""seq0070""]","[""seq0070_g000000""]",[1706258536.24231],1,0
train,18999,"[""seq0070"", ""seq0070"", ""seq0070"", ""seq0070"", ""seq0070"", ""seq0070"", ""seq0070"", ""seq0070""]","[""seq0070_g000392"", ""seq0070_g000393"", ""seq0070_g000394"", ""seq0070_g000395"", ""seq0070_g000396"", ""seq0070_g000397"", ""seq0070_g000398"", ""seq0070_g000399""]","[1706258556.2585106, 1706258556.3400226, 1706258556.3772647, 1706258556.4213285, 1706258556.4824848, 1706258556.5230484, 1706258556.5592463, 1706258556.5978897]",8,160
train,19000,"[""seq0071""]","[""seq0071_g000000""]",[1706258556.650464],1,0
train,19399,"[""seq0071"", ""seq0071"", ""seq0071"", ""seq0071"", ""seq0071"", ""seq0071"", ""seq0071"", ""seq0071""]","[""seq0071_g000392"", ""seq0071_g000393"", ""seq0071_g000394"", ""seq0071_g000395"", ""seq0071_g000396"", ""seq0071_g000397"", ""seq0071_g000398"", ""seq0071_g000399""]","[1706258576.7960324, 1706258576.8441148, 1706258576.8960037, 1706258576.9519577, 1706258577.0004675, 1706258577.049601, 1706258577.0983589, 1706258577.1478703]",8,160
train,19400,"[""seq0072""]","[""seq0072_g000000""]",[1706258577.1985645],1,0
train,19799,"[""seq0072"", ""seq0072"", ""seq0072"", ""seq0072"", ""seq0072"", ""seq0072"", ""seq0072"", ""seq0072""]","[""seq0072_g000392"", ""seq0072_g000393"", ""seq0072_g000394"", ""seq0072_g000395"", ""seq0072_g000396"", ""seq0072_g000397"", ""seq0072_g000398"", ""seq0072_g000399""]","[1706258596.9956937, 1706258597.0432987, 1706258597.095646, 1706258597.1447704, 1706258597.1938436, 1706258597.2456326, 1706258597.2988448, 1706258597.3442357]",8,160
train,19800,"[""seq0073""]","[""seq0073_g000000""]",[1706258635.0481012],1,0
train,20199,"[""seq0073"", ""seq0073"", ""seq0073"", ""seq0073"", ""seq0073"", ""seq0073"", ""seq0073"", ""seq0073""]","[""seq0073_g000392"", ""seq0073_g000393"", ""seq0073_g000394"", ""seq0073_g000395"", ""seq0073_g000396"", ""seq0073_g000397"", ""seq0073_g000398"", ""seq0073_g000399""]","[1706258655.1537201, 1706258655.2037132, 1706258655.2553208, 1706258655.304613, 1706258655.3637514, 1706258655.405279, 1706258655.455668, 1706258655.5066085]",8,160
train,20200,"[""seq0074""]","[""seq0074_g000000""]",[1706258655.5546937],1,0
train,20599,"[""seq0074"", ""seq0074"", ""seq0074"", ""seq0074"", ""seq0074"", ""seq0074"", ""seq0074"", ""seq0074""]","[""seq0074_g000392"", ""seq0074_g000393"", ""seq0074_g000394"", ""seq0074_g000395"", ""seq0074_g000396"", ""seq0074_g000397"", ""seq0074_g000398"", ""seq0074_g000399""]","[1706258675.906971, 1706258675.9814599, 1706258676.0176253, 1706258676.072907, 1706258676.1194475, 1706258676.1777554, 1706258676.2812862, 1706258676.3333526]",8,160
train,20600,"[""seq0076""]","[""seq0076_g000000""]",[1706258696.7093346],1,0
train,20999,"[""seq0076"", ""seq0076"", ""seq0076"", ""seq0076"", ""seq0076"", ""seq0076"", ""seq0076"", ""seq0076""]","[""seq0076_g000392"", ""seq0076_g000393"", ""seq0076_g000394"", ""seq0076_g000395"", ""seq0076_g000396"", ""seq0076_g000397"", ""seq0076_g000398"", ""seq0076_g000399""]","[1706258716.580596, 1706258716.6247075, 1706258716.6721222, 1706258716.7185612, 1706258716.7640164, 1706258716.8416002, 1706258716.887221, 1706258716.9335558]",8,160
train,21000,"[""seq0077""]","[""seq0077_g000000""]",[1706258716.982671],1,0
train,21399,"[""seq0077"", ""seq0077"", ""seq0077"", ""seq0077"", ""seq0077"", ""seq0077"", ""seq0077"", ""seq0077""]","[""seq0077_g000392"", ""seq0077_g000393"", ""seq0077_g000394"", ""seq0077_g000395"", ""seq0077_g000396"", ""seq0077_g000397"", ""seq0077_g000398"", ""seq0077_g000399""]","[1706258737.1129687, 1706258737.164555, 1706258737.2102947, 1706258737.2572727, 1706258737.3092024, 1706258737.3698995, 1706258737.4077806, 1706258737.46558]",8,160
train,21400,"[""seq0079""]","[""seq0079_g000000""]",[1706256016.961951],1,0
train,21799,"[""seq0079"", ""seq0079"", ""seq0079"", ""seq0079"", ""seq0079"", ""seq0079"", ""seq0079"", ""seq0079""]","[""seq0079_g000392"", ""seq0079_g000393"", ""seq0079_g000394"", ""seq0079_g000395"", ""seq0079_g000396"", ""seq0079_g000397"", ""seq0079_g000398"", ""seq0079_g000399""]","[1706256037.163468, 1706256037.2088993, 1706256037.2604249, 1706256037.3400948, 1706256037.3849282, 1706256037.4300706, 1706256037.4764159, 1706256037.5235376]",8,160
train,21800,"[""seq0080""]","[""seq0080_g000000""]",[1706256037.566495],1,0
train,22199,"[""seq0080"", ""seq0080"", ""seq0080"", ""seq0080"", ""seq0080"", ""seq0080"", ""seq0080"", ""seq0080""]","[""seq0080_g000392"", ""seq0080_g000393"", ""seq0080_g000394"", ""seq0080_g000395"", ""seq0080_g000396"", ""seq0080_g000397"", ""seq0080_g000398"", ""seq0080_g000399""]","[1706256058.6566477, 1706256058.710927, 1706256058.7682126, 1706256058.8062038, 1706256058.85528, 1706256058.9060352, 1706256058.9676964, 1706256059.0045614]",8,160
train,22200,"[""seq0081""]","[""seq0081_g000000""]",[1706256093.705278],1,0
train,22599,"[""seq0081"", ""seq0081"", ""seq0081"", ""seq0081"", ""seq0081"", ""seq0081"", ""seq0081"", ""seq0081""]","[""seq0081_g000392"", ""seq0081_g000393"", ""seq0081_g000394"", ""seq0081_g000395"", ""seq0081_g000396"", ""seq0081_g000397"", ""seq0081_g000398"", ""seq0081_g000399""]","[1706256114.0577743, 1706256114.1082237, 1706256114.1545298, 1706256114.2066224, 1706256114.2577772, 1706256114.3082626, 1706256114.357681, 1706256114.4068203]",8,160
train,22600,"[""seq0082""]","[""seq0082_g000000""]",[1706256114.4558535],1,0
train,22999,"[""seq0082"", ""seq0082"", ""seq0082"", ""seq0082"", ""seq0082"", ""seq0082"", ""seq0082"", ""seq0082""]","[""seq0082_g000392"", ""seq0082_g000393"", ""seq0082_g000394"", ""seq0082_g000395"", ""seq0082_g000396"", ""seq0082_g000397"", ""seq0082_g000398"", ""seq0082_g000399""]","[1706256134.456115, 1706256134.5074303, 1706256134.5600789, 1706256134.6066678, 1706256134.6574802, 1706256134.7077284, 1706256134.757381, 1706256134.8073936]",8,160
train,23000,"[""seq0083""]","[""seq0083_g000000""]",[1706256134.8566055],1,0
train,23399,"[""seq0083"", ""seq0083"", ""seq0083"", ""seq0083"", ""seq0083"", ""seq0083"", ""seq0083"", ""seq0083""]","[""seq0083_g000392"", ""seq0083_g000393"", ""seq0083_g000394"", ""seq0083_g000395"", ""seq0083_g000396"", ""seq0083_g000397"", ""seq0083_g000398"", ""seq0083_g000399""]","[1706256155.0093057, 1706256155.0581558, 1706256155.1075933, 1706256155.164254, 1706256155.2064252, 1706256155.2617807, 1706256155.3099046, 1706256155.3715692]",8,160
train,23400,"[""seq0085""]","[""seq0085_g000000""]",[1706256176.1608355],1,0
train,23799,"[""seq0085"", ""seq0085"", ""seq0085"", ""seq0085"", ""seq0085"", ""seq0085"", ""seq0085"", ""seq0085""]","[""seq0085_g000392"", ""seq0085_g000393"", ""seq0085_g000394"", ""seq0085_g000395"", ""seq0085_g000396"", ""seq0085_g000397"", ""seq0085_g000398"", ""seq0085_g000399""]","[1706256196.616636, 1706256196.661779, 1706256196.7101078, 1706256196.7634845, 1706256196.8095312, 1706256196.8730764, 1706256196.9119735, 1706256196.9590292]",8,160
train,23800,"[""seq0086""]","[""seq0086_g000000""]",[1706256197.0117426],1,0
train,24199,"[""seq0086"", ""seq0086"", ""seq0086"", ""seq0086"", ""seq0086"", ""seq0086"", ""seq0086"", ""seq0086""]","[""seq0086_g000392"", ""seq0086_g000393"", ""seq0086_g000394"", ""seq0086_g000395"", ""seq0086_g000396"", ""seq0086_g000397"", ""seq0086_g000398"", ""seq0086_g000399""]","[1706256217.016552, 1706256217.0610282, 1706256217.110864, 1706256217.174439, 1706256217.2116873, 1706256217.2697616, 1706256217.3114882, 1706256217.3667564]",8,160
train,24200,"[""seq0088""]","[""seq0088_g000000""]",[1706256237.6123462],1,0
train,24599,"[""seq0088"", ""seq0088"", ""seq0088"", ""seq0088"", ""seq0088"", ""seq0088"", ""seq0088"", ""seq0088""]","[""seq0088_g000392"", ""seq0088_g000393"", ""seq0088_g000394"", ""seq0088_g000395"", ""seq0088_g000396"", ""seq0088_g000397"", ""seq0088_g000398"", ""seq0088_g000399""]","[1706256259.162642, 1706256259.2204735, 1706256259.2803767, 1706256259.3626688, 1706256259.410947, 1706256259.46135, 1706256259.5135071, 1706256259.5719454]",8,160
train,24600,"[""seq0089""]","[""seq0089_g000000""]",[1706256508.0506258],1,0
train,24999,"[""seq0089"", ""seq0089"", ""seq0089"", ""seq0089"", ""seq0089"", ""seq0089"", ""seq0089"", ""seq0089""]","[""seq0089_g000392"", ""seq0089_g000393"", ""seq0089_g000394"", ""seq0089_g000395"", ""seq0089_g000396"", ""seq0089_g000397"", ""seq0089_g000398"", ""seq0089_g000399""]","[1706256528.7991233, 1706256528.8538158, 1706256528.9003325, 1706256528.960769, 1706256529.0135996, 1706256529.0465536, 1706256529.0990984, 1706256529.1481857]",8,160
train,25000,"[""seq0091""]","[""seq0091_g000000""]",[1706256549.748733],1,0
train,25399,"[""seq0091"", ""seq0091"", ""seq0091"", ""seq0091"", ""seq0091"", ""seq0091"", ""seq0091"", ""seq0091""]","[""seq0091_g000392"", ""seq0091_g000393"", ""seq0091_g000394"", ""seq0091_g000395"", ""seq0091_g000396"", ""seq0091_g000397"", ""seq0091_g000398"", ""seq0091_g000399""]","[1706256570.049181, 1706256570.1016965, 1706256570.150863, 1706256570.1984816, 1706256570.250569, 1706256570.3015933, 1706256570.3526576, 1706256570.401166]",8,160
train,25400,"[""seq0093""]","[""seq0093_g000000""]",[1706256614.827081],1,0
train,25799,"[""seq0093"", ""seq0093"", ""seq0093"", ""seq0093"", ""seq0093"", ""seq0093"", ""seq0093"", ""seq0093""]","[""seq0093_g000392"", ""seq0093_g000393"", ""seq0093_g000394"", ""seq0093_g000395"", ""seq0093_g000396"", ""seq0093_g000397"", ""seq0093_g000398"", ""seq0093_g000399""]","[1706256635.918338, 1706256635.961776, 1706256636.0144632, 1706256636.0635772, 1706256636.1144452, 1706256636.1610496, 1706256636.2170303, 1706256636.2619572]",8,160
train,25800,"[""seq0094""]","[""seq0094_g000000""]",[1706256636.3141546],1,0
train,26199,"[""seq0094"", ""seq0094"", ""seq0094"", ""seq0094"", ""seq0094"", ""seq0094"", ""seq0094"", ""seq0094""]","[""seq0094_g000392"", ""seq0094_g000393"", ""seq0094_g000394"", ""seq0094_g000395"", ""seq0094_g000396"", ""seq0094_g000397"", ""seq0094_g000398"", ""seq0094_g000399""]","[1706256656.988567, 1706256657.0512216, 1706256657.1359112, 1706256657.2207627, 1706256657.265121, 1706256657.31515, 1706256657.36474, 1706256657.4174056]",8,160
train,26200,"[""seq0095""]","[""seq0095_g000000""]",[1706256657.4661107],1,0
train,26599,"[""seq0095"", ""seq0095"", ""seq0095"", ""seq0095"", ""seq0095"", ""seq0095"", ""seq0095"", ""seq0095""]","[""seq0095_g000392"", ""seq0095_g000393"", ""seq0095_g000394"", ""seq0095_g000395"", ""seq0095_g000396"", ""seq0095_g000397"", ""seq0095_g000398"", ""seq0095_g000399""]","[1706256677.9207551, 1706256677.9641852, 1706256678.0166054, 1706256678.063155, 1706256678.110587, 1706256678.164725, 1706256678.2222133, 1706256678.2657962]",8,160
train,26600,"[""seq0096""]","[""seq0096_g000000""]",[1706256678.315591],1,0
train,26999,"[""seq0096"", ""seq0096"", ""seq0096"", ""seq0096"", ""seq0096"", ""seq0096"", ""seq0096"", ""seq0096""]","[""seq0096_g000392"", ""seq0096_g000393"", ""seq0096_g000394"", ""seq0096_g000395"", ""seq0096_g000396"", ""seq0096_g000397"", ""seq0096_g000398"", ""seq0096_g000399""]","[1706256698.8408892, 1706256698.885278, 1706256698.936401, 1706256698.981215, 1706256699.028892, 1706256699.0767322, 1706256699.1243703, 1706256699.1713996]",8,160
train,27000,"[""seq0097""]","[""seq0097_g000000""]",[1706256699.2203135],1,0
train,27399,"[""seq0097"", ""seq0097"", ""seq0097"", ""seq0097"", ""seq0097"", ""seq0097"", ""seq0097"", ""seq0097""]","[""seq0097_g000392"", ""seq0097_g000393"", ""seq0097_g000394"", ""seq0097_g000395"", ""seq0097_g000396"", ""seq0097_g000397"", ""seq0097_g000398"", ""seq0097_g000399""]","[1706256719.6152792, 1706256719.6678083, 1706256719.7180617, 1706256719.7637227, 1706256719.8161807, 1706256719.8665628, 1706256719.919801, 1706256719.9640887]",8,160
train,27400,"[""seq0099""]","[""seq0099_g000000""]",[1706256740.7450378],1,0
train,27799,"[""seq0099"", ""seq0099"", ""seq0099"", ""seq0099"", ""seq0099"", ""seq0099"", ""seq0099"", ""seq0099""]","[""seq0099_g000392"", ""seq0099_g000393"", ""seq0099_g000394"", ""seq0099_g000395"", ""seq0099_g000396"", ""seq0099_g000397"", ""seq0099_g000398"", ""seq0099_g000399""]","[1706256761.7380195, 1706256761.7758129, 1706256761.8244913, 1706256761.8739552, 1706256761.9243217, 1706256761.9897923, 1706256762.0382414, 1706256762.1247792]",8,160
train,27800,"[""seq0100""]","[""seq0100_g000000""]",[1706256762.1628187],1,0
train,28199,"[""seq0100"", ""seq0100"", ""seq0100"", ""seq0100"", ""seq0100"", ""seq0100"", ""seq0100"", ""seq0100""]","[""seq0100_g000392"", ""seq0100_g000393"", ""seq0100_g000394"", ""seq0100_g000395"", ""seq0100_g000396"", ""seq0100_g000397"", ""seq0100_g000398"", ""seq0100_g000399""]","[1706256782.526899, 1706256782.5694792, 1706256782.6225932, 1706256782.6679394, 1706256782.7187443, 1706256782.766602, 1706256782.8217845, 1706256782.8679807]",8,160
train,28200,"[""seq0102""]","[""seq0102_g000000""]",[1706256803.168583],1,0
train,28599,"[""seq0102"", ""seq0102"", ""seq0102"", ""seq0102"", ""seq0102"", ""seq0102"", ""seq0102"", ""seq0102""]","[""seq0102_g000392"", ""seq0102_g000393"", ""seq0102_g000394"", ""seq0102_g000395"", ""seq0102_g000396"", ""seq0102_g000397"", ""seq0102_g000398"", ""seq0102_g000399""]","[1706256823.2707496, 1706256823.3213425, 1706256823.367452, 1706256823.4402857, 1706256823.4768958, 1706256823.5242882, 1706256823.5663931, 1706256823.628956]",8,160
validation,0,"[""seq0001""]","[""seq0001_valref_000000""]",[1706255621.564602],1,0
validation,99,"[""seq0001"", ""seq0001"", ""seq0001"", ""seq0001"", ""seq0001"", ""seq0001"", ""seq0001"", ""seq0001""]","[""seq0001_valref_000092"", ""seq0001_valref_000093"", ""seq0001_valref_000094"", ""seq0001_valref_000095"", ""seq0001_valref_000096"", ""seq0001_valref_000097"", ""seq0001_valref_000098"", ""seq0001_valref_000099""]","[1706255626.2126122, 1706255626.3117075, 1706255626.377821, 1706255626.4199407, 1706255626.465864, 1706255626.612978, 1706255626.812695, 1706255626.858342]",8,160
validation,100,"[""seq0002""]","[""seq0002_valref_000100""]",[1706255054.386069],1,0
validation,199,"[""seq0002"", ""seq0002"", ""seq0002"", ""seq0002"", ""seq0002"", ""seq0002"", ""seq0002"", ""seq0002""]","[""seq0002_valref_000192"", ""seq0002_valref_000193"", ""seq0002_valref_000194"", ""seq0002_valref_000195"", ""seq0002_valref_000196"", ""seq0002_valref_000197"", ""seq0002_valref_000198"", ""seq0002_valref_000199""]","[1706255059.09643, 1706255059.1374047, 1706255059.1918228, 1706255059.2335577, 1706255059.2879677, 1706255059.3348417, 1706255059.387743, 1706255059.4371493]",8,160
validation,200,"[""seq0003""]","[""seq0003_valref_000200""]",[1706257431.6998613],1,0
validation,299,"[""seq0003"", ""seq0003"", ""seq0003"", ""seq0003"", ""seq0003"", ""seq0003"", ""seq0003"", ""seq0003""]","[""seq0003_valref_000292"", ""seq0003_valref_000293"", ""seq0003_valref_000294"", ""seq0003_valref_000295"", ""seq0003_valref_000296"", ""seq0003_valref_000297"", ""seq0003_valref_000298"", ""seq0003_valref_000299""]","[1706257436.4700322, 1706257436.513038, 1706257436.560351, 1706257436.604528, 1706257436.6513965, 1706257436.6978376, 1706257436.748197, 1706257436.800148]",8,160
validation,300,"[""seq0004""]","[""seq0004_valref_000300""]",[1706257436.8516316],1,0
validation,399,"[""seq0004"", ""seq0004"", ""seq0004"", ""seq0004"", ""seq0004"", ""seq0004"", ""seq0004"", ""seq0004""]","[""seq0004_valref_000392"", ""seq0004_valref_000393"", ""seq0004_valref_000394"", ""seq0004_valref_000395"", ""seq0004_valref_000396"", ""seq0004_valref_000397"", ""seq0004_valref_000398"", ""seq0004_valref_000399""]","[1706257441.6693366, 1706257441.747851, 1706257441.798404, 1706257441.8489096, 1706257441.897671, 1706257441.9529622, 1706257441.9995186, 1706257442.055707]",8,160
validation,400,"[""seq0005""]","[""seq0005_valref_000400""]",[1706257442.0962431],1,0
validation,499,"[""seq0005"", ""seq0005"", ""seq0005"", ""seq0005"", ""seq0005"", ""seq0005"", ""seq0005"", ""seq0005""]","[""seq0005_valref_000492"", ""seq0005_valref_000493"", ""seq0005_valref_000494"", ""seq0005_valref_000495"", ""seq0005_valref_000496"", ""seq0005_valref_000497"", ""seq0005_valref_000498"", ""seq0005_valref_000499""]","[1706257446.7476096, 1706257446.7981389, 1706257446.849616, 1706257446.8950312, 1706257446.9463532, 1706257446.9980187, 1706257447.0538683, 1706257447.1005425]",8,160
validation,500,"[""seq0006""]","[""seq0006_valref_000500""]",[1706257647.6562097],1,0
validation,599,"[""seq0006"", ""seq0006"", ""seq0006"", ""seq0006"", ""seq0006"", ""seq0006"", ""seq0006"", ""seq0006""]","[""seq0006_valref_000592"", ""seq0006_valref_000593"", ""seq0006_valref_000594"", ""seq0006_valref_000595"", ""seq0006_valref_000596"", ""seq0006_valref_000597"", ""seq0006_valref_000598"", ""seq0006_valref_000599""]","[1706257652.3158722, 1706257652.3557267, 1706257652.4040291, 1706257652.458642, 1706257652.505958, 1706257652.5574853, 1706257652.6031258, 1706257652.6589494]",8,160
validation,600,"[""seq0007""]","[""seq0007_valref_000600""]",[1706257652.7064168],1,0
validation,699,"[""seq0007"", ""seq0007"", ""seq0007"", ""seq0007"", ""seq0007"", ""seq0007"", ""seq0007"", ""seq0007""]","[""seq0007_valref_000692"", ""seq0007_valref_000693"", ""seq0007_valref_000694"", ""seq0007_valref_000695"", ""seq0007_valref_000696"", ""seq0007_valref_000697"", ""seq0007_valref_000698"", ""seq0007_valref_000699""]","[1706257657.357871, 1706257657.4075203, 1706257657.4572577, 1706257657.517596, 1706257657.5575986, 1706257657.6126692, 1706257657.6580799, 1706257657.7054403]",8,160
validation,700,"[""seq0008""]","[""seq0008_valref_000700""]",[1706257657.756131],1,0
validation,799,"[""seq0008"", ""seq0008"", ""seq0008"", ""seq0008"", ""seq0008"", ""seq0008"", ""seq0008"", ""seq0008""]","[""seq0008_valref_000792"", ""seq0008_valref_000793"", ""seq0008_valref_000794"", ""seq0008_valref_000795"", ""seq0008_valref_000796"", ""seq0008_valref_000797"", ""seq0008_valref_000798"", ""seq0008_valref_000799""]","[1706257662.35338, 1706257662.4029658, 1706257662.457086, 1706257662.5126553, 1706257662.5558949, 1706257662.6031797, 1706257662.6575809, 1706257662.710591]",8,160
validation,800,"[""seq0009""]","[""seq0009_valref_000800""]",[1706258170.5197031],1,0
validation,899,"[""seq0009"", ""seq0009"", ""seq0009"", ""seq0009"", ""seq0009"", ""seq0009"", ""seq0009"", ""seq0009""]","[""seq0009_valref_000892"", ""seq0009_valref_000893"", ""seq0009_valref_000894"", ""seq0009_valref_000895"", ""seq0009_valref_000896"", ""seq0009_valref_000897"", ""seq0009_valref_000898"", ""seq0009_valref_000899""]","[1706258175.1929893, 1706258175.2380795, 1706258175.294081, 1706258175.3807683, 1706258175.4275043, 1706258175.474908, 1706258175.522403, 1706258175.5709105]",8,160
validation,900,"[""seq0010""]","[""seq0010_valref_000900""]",[1706258272.3738594],1,0
validation,999,"[""seq0010"", ""seq0010"", ""seq0010"", ""seq0010"", ""seq0010"", ""seq0010"", ""seq0010"", ""seq0010""]","[""seq0010_valref_000992"", ""seq0010_valref_000993"", ""seq0010_valref_000994"", ""seq0010_valref_000995"", ""seq0010_valref_000996"", ""seq0010_valref_000997"", ""seq0010_valref_000998"", ""seq0010_valref_000999""]","[1706258276.9762125, 1706258277.0239756, 1706258277.0748444, 1706258277.1372025, 1706258277.1769884, 1706258277.2229054, 1706258277.273916, 1706258277.3230615]",8,160
validation,1000,"[""seq0011""]","[""seq0011_valref_001000""]",[1706258277.3751385],1,0
validation,1099,"[""seq0011"", ""seq0011"", ""seq0011"", ""seq0011"", ""seq0011"", ""seq0011"", ""seq0011"", ""seq0011""]","[""seq0011_valref_001092"", ""seq0011_valref_001093"", ""seq0011_valref_001094"", ""seq0011_valref_001095"", ""seq0011_valref_001096"", ""seq0011_valref_001097"", ""seq0011_valref_001098"", ""seq0011_valref_001099""]","[1706258282.07496, 1706258282.1221051, 1706258282.181332, 1706258282.2262769, 1706258282.2779045, 1706258282.3249116, 1706258282.3749592, 1706258282.439182]",8,160
validation,1100,"[""seq0012""]","[""seq0012_valref_001100""]",[1706258282.4761147],1,0
validation,1199,"[""seq0012"", ""seq0012"", ""seq0012"", ""seq0012"", ""seq0012"", ""seq0012"", ""seq0012"", ""seq0012""]","[""seq0012_valref_001192"", ""seq0012_valref_001193"", ""seq0012_valref_001194"", ""seq0012_valref_001195"", ""seq0012_valref_001196"", ""seq0012_valref_001197"", ""seq0012_valref_001198"", ""seq0012_valref_001199""]","[1706258287.2213612, 1706258287.273093, 1706258287.3237162, 1706258287.3780277, 1706258287.4369893, 1706258287.474489, 1706258287.5225952, 1706258287.5749505]",8,160
validation,1200,"[""seq0013""]","[""seq0013_valref_001200""]",[1706258737.5108986],1,0
validation,1299,"[""seq0013"", ""seq0013"", ""seq0013"", ""seq0013"", ""seq0013"", ""seq0013"", ""seq0013"", ""seq0013""]","[""seq0013_valref_001292"", ""seq0013_valref_001293"", ""seq0013_valref_001294"", ""seq0013_valref_001295"", ""seq0013_valref_001296"", ""seq0013_valref_001297"", ""seq0013_valref_001298"", ""seq0013_valref_001299""]","[1706258742.1620636, 1706258742.208916, 1706258742.2594965, 1706258742.3098876, 1706258742.365161, 1706258742.4032776, 1706258742.4649704, 1706258742.5082903]",8,160
validation,1300,"[""seq0014""]","[""seq0014_valref_001300""]",[1706258742.5500314],1,0
validation,1399,"[""seq0014"", ""seq0014"", ""seq0014"", ""seq0014"", ""seq0014"", ""seq0014"", ""seq0014"", ""seq0014""]","[""seq0014_valref_001392"", ""seq0014_valref_001393"", ""seq0014_valref_001394"", ""seq0014_valref_001395"", ""seq0014_valref_001396"", ""seq0014_valref_001397"", ""seq0014_valref_001398"", ""seq0014_valref_001399""]","[1706258747.3125749, 1706258747.3715873, 1706258747.408953, 1706258747.4570725, 1706258747.5094752, 1706258747.5715847, 1706258747.610372, 1706258747.6577075]",8,160
validation,1400,"[""seq0015""]","[""seq0015_valref_001400""]",[1706258747.70766],1,0
validation,1499,"[""seq0015"", ""seq0015"", ""seq0015"", ""seq0015"", ""seq0015"", ""seq0015"", ""seq0015"", ""seq0015""]","[""seq0015_valref_001492"", ""seq0015_valref_001493"", ""seq0015_valref_001494"", ""seq0015_valref_001495"", ""seq0015_valref_001496"", ""seq0015_valref_001497"", ""seq0015_valref_001498"", ""seq0015_valref_001499""]","[1706258752.5606883, 1706258752.611692, 1706258752.6668594, 1706258752.7103822, 1706258752.7744343, 1706258752.8168826, 1706258752.8704026, 1706258752.9125516]",8,160
validation,1500,"[""seq0016""]","[""seq0016_valref_001500""]",[1706256059.0537317],1,0
validation,1599,"[""seq0016"", ""seq0016"", ""seq0016"", ""seq0016"", ""seq0016"", ""seq0016"", ""seq0016"", ""seq0016""]","[""seq0016_valref_001592"", ""seq0016_valref_001593"", ""seq0016_valref_001594"", ""seq0016_valref_001595"", ""seq0016_valref_001596"", ""seq0016_valref_001597"", ""seq0016_valref_001598"", ""seq0016_valref_001599""]","[1706256063.8076646, 1706256063.8863106, 1706256063.9574742, 1706256064.007753, 1706256064.0560956, 1706256064.1069384, 1706256064.1599429, 1706256064.2087624]",8,160
